variant,trial_number,n_epochs_trained,best_epoch,best_epoch_fraction,final_gap_loss,mean_gap_loss_last_quarter
fourier,1,20,4,0.2,0.9286857790454098,0.991042222649128
fourier,2,20,3,0.15,1.213046069670282,1.086370727942438
fourier,3,19,11,0.5789473684210527,0.7978012384505646,0.6244156532981069
fourier,4,24,5,0.20833333333333334,0.5617856856021617,0.5769737960665707
fourier,5,15,1,0.06666666666666667,1.0573136357087933,0.967244956409805
fourier,6,21,2,0.09523809523809523,6.554954317656331,6.554857724374203
fourier,7,17,3,0.17647058823529413,0.6294844067995509,0.6563903697692449
fourier,8,16,8,0.5,-0.20018873449178431,0.024308756549310473
fourier,9,14,1,0.07142857142857142,0.5160132350370523,0.6869930066227439
fourier,10,26,18,0.6923076923076923,1.121462507354417,0.9268867129896498
fourier,11,18,10,0.5555555555555556,0.2119574807447543,0.012474381106989701
fourier,12,15,4,0.26666666666666666,1.1158111851189345,1.1984539518389044
fourier,13,30,2,0.06666666666666667,1.4160607915548127,1.3618892459844019
fourier,14,16,2,0.125,1.1540109154039078,1.224839371285744
fourier,15,20,2,0.1,0.9907949480509002,1.0660021946360616
fourier,16,14,4,0.2857142857142857,1.0308863933065107,0.9648545010099138
fourier,17,14,4,0.2857142857142857,1.0321686862391375,1.0349128684901172
fourier,18,23,1,0.043478260869565216,0.9324625933492955,1.1177602163058915
fourier,19,20,12,0.6,0.636893919658559,0.7047481557038348
fourier,20,14,4,0.2857142857142857,0.9702497263039862,1.3254352403853935
fourier,21,14,2,0.14285714285714285,0.5592335141995657,0.44614974021364656
fourier,22,29,21,0.7241379310344828,0.6770347423211668,0.6768607944560482
fourier,23,25,17,0.68,0.6151385123150365,0.703916196612393
fourier,24,22,14,0.6363636363636364,0.5882409923393022,0.6618542028560548
fourier,25,24,2,0.08333333333333333,0.6868506479903035,0.6939782205236265
fourier,26,17,1,0.058823529411764705,,
fourier,27,15,1,0.06666666666666667,2.6305265642369964,1.5170585343153487
fourier,28,14,4,0.2857142857142857,1.104179890844084,1.0503268896725284
fourier,29,17,2,0.11764705882352941,0.11808945407115257,0.24549509309147233
fourier,30,22,14,0.6363636363636364,0.3511645908748346,0.3385328514152576
fourier,31,14,4,0.2857142857142857,0.8404134582905542,0.7189776226819035
fourier,32,14,6,0.42857142857142855,0.5308361395240009,0.5446105699898138
fourier,33,15,2,0.13333333333333333,2.4526114420115297,1.3939167318092018
fourier,34,16,5,0.3125,0.8534299040344425,0.7894026271593739
fourier,35,23,2,0.08695652173913043,0.7316374923479522,0.7328499092420356
fourier,36,22,14,0.6363636363636364,1.0670206108777267,0.9627440621762812
fourier,37,6,1,0.16666666666666666,0.8383894976198909,0.8383894976198909
fourier,38,6,2,0.3333333333333333,0.7307913601620212,0.7307913601620212
fourier,39,18,10,0.5555555555555556,1.8783617518250906,1.6969130764301452
fourier,40,6,3,0.5,0.4209983974813468,0.4209983974813468
fourier,41,21,13,0.6190476190476191,0.694031296181123,0.6023959982019688
fourier,42,16,2,0.125,1.2207831109134808,1.0088558747215541
fourier,43,16,2,0.125,1.0062520805687185,1.0842915754498257
fourier,44,31,23,0.7419354838709677,0.5710212147264327,0.59567151691161
fourier,45,19,1,0.05263157894736842,1.510014712130503,1.3452499985193076
fourier,46,14,4,0.2857142857142857,2.2865665863330906,3.2626243083132924
fourier,47,6,2,0.3333333333333333,2.2371749091021242,2.2371749091021242
fourier,48,28,3,0.10714285714285714,0.9612029566084003,0.881641498915104
fourier,49,50,49,0.98,0.7029810340830914,0.6568650006281759
fourier,50,16,8,0.5,0.533797326647041,0.6325214780137194
linear,1,16,8,0.5,1.8616298282692683,1.26880920180406
linear,2,26,2,0.07692307692307693,0.5428492346867206,1.360637384118936
linear,3,14,2,0.14285714285714285,0.6296232710282008,0.6532877670285641
linear,4,17,1,0.058823529411764705,0.8649891800073433,0.4195226468765343
linear,5,18,10,0.5555555555555556,0.5445310465939757,0.5368359398943121
linear,6,14,3,0.21428571428571427,0.8034384587328762,0.8333762124762254
linear,7,15,7,0.4666666666666667,-0.45200094606889973,-0.44423852939042874
linear,8,16,8,0.5,0.7800119230617022,0.8020972488265431
linear,9,14,3,0.21428571428571427,3.254093864335427,4.363003275801937
linear,10,14,3,0.21428571428571427,10.48852006534617,8.314039278101353
linear,11,16,1,0.0625,1.2126905583436527,1.1715593773088169
linear,12,15,7,0.4666666666666667,4.678320623276522,3.3357261191719325
linear,13,6,3,0.5,0.6286098510366938,0.6286098510366938
linear,14,14,6,0.42857142857142855,1.130723771488758,1.152068186099686
linear,15,14,1,0.07142857142857142,3.7145143603358144,2.839281824859883
linear,16,20,12,0.6,3.9920154677226307,1.7879565345697614
linear,17,21,13,0.6190476190476191,0.0994983104959366,0.07126162544898093
linear,18,28,20,0.7142857142857143,0.4016375897777458,0.5676020709210647
linear,19,6,1,0.16666666666666666,0.2704426272875733,0.2704426272875733
linear,20,21,2,0.09523809523809523,3.3212548275561797,3.889593199743466
linear,21,15,3,0.2,1.5496547655489792,1.6432624948945849
linear,22,14,1,0.07142857142857142,1.441265375010987,1.2591377273217341
linear,23,14,1,0.07142857142857142,1.4410452527758602,1.8032028638063433
linear,24,22,14,0.6363636363636364,0.5742309015011415,1.0786737367869095
linear,25,20,1,0.05,1.8625901362330226,2.1667978097629246
linear,26,22,14,0.6363636363636364,1.3499353082954055,1.1066605151684528
linear,27,6,3,0.5,1.1148569483827386,1.1148569483827386
linear,28,14,3,0.21428571428571427,1.1981523436375907,1.5525085695187695
linear,29,6,3,0.5,0.7914309663735034,0.7914309663735034
linear,30,17,2,0.11764705882352941,1.3629352081993906,1.2326416362642905
linear,31,9,8,0.8888888888888888,0.29212604993658653,0.20465009104347762
linear,32,30,1,0.03333333333333333,4.259714876158932,4.168741621086517
linear,33,20,1,0.05,1.8279523495156025,1.771991735088994
linear,34,6,1,0.16666666666666666,6.104702388775713,6.104702388775713
linear,35,33,1,0.030303030303030304,0.8792796251091956,0.8743094068332293
linear,36,21,1,0.047619047619047616,1.7782184911169305,2.4527165438007983
linear,37,16,2,0.125,-0.5340185628701299,0.08705308690282787
linear,38,19,1,0.05263157894736842,-0.1804408700811484,0.4810536162953616
linear,39,32,1,0.03125,1.9089586913862842,1.802544551689195
linear,40,14,1,0.07142857142857142,4.724843558365394,2.9848530855902937
linear,41,15,7,0.4666666666666667,0.6937405865384441,1.0119393070964462
linear,42,26,18,0.6923076923076923,0.8851690996463211,0.7615645007176984
linear,43,17,9,0.5294117647058824,3.561477431431431,4.550364283997116
linear,44,29,21,0.7241379310344828,2.017339098376027,1.5401118258829511
linear,45,15,2,0.13333333333333333,1.8359991154351665,1.652415727967644
linear,46,6,3,0.5,1.4387334144238149,1.4387334144238149
linear,47,20,3,0.15,3.103126368830826,2.7109108572174003
linear,48,14,4,0.2857142857142857,0.18009067460421546,0.17295894336605833
linear,49,6,4,0.6666666666666666,2.7273174850536246,2.7273174850536246
linear,50,15,7,0.4666666666666667,5.481559003632708,4.22042999751531
per_feature,1,21,13,0.6190476190476191,1.1336688136929527,0.851366062195018
per_feature,2,19,11,0.5789473684210527,16.645176069183083,11.946160381962176
per_feature,3,16,8,0.5,-0.07980327003724152,-0.08114958736428335
per_feature,4,16,1,0.0625,0.7331498250616568,0.7034212231011471
per_feature,5,31,1,0.03225806451612903,1.084284215600374,0.9784024171866951
per_feature,6,21,13,0.6190476190476191,0.8776994391301065,0.8318406738241577
per_feature,7,15,2,0.13333333333333333,0.42899635707116923,0.35951019043876514
per_feature,8,24,16,0.6666666666666666,1.555968264098989,1.2379078067228888
per_feature,9,23,15,0.6521739130434783,0.7228114385839685,0.7963375802767982
per_feature,10,14,1,0.07142857142857142,-0.8734265960812095,-0.6268336423657952
per_feature,11,14,3,0.21428571428571427,1.3463274770994702,1.387766085730135
per_feature,12,6,1,0.16666666666666666,0.9223433134633872,0.9223433134633872
per_feature,13,18,3,0.16666666666666666,0.2855806621767225,0.40490506035127927
per_feature,14,15,7,0.4666666666666667,0.6779321332373435,0.6709910071528857
per_feature,15,6,1,0.16666666666666666,0.5075718052803526,0.5075718052803526
per_feature,16,14,1,0.07142857142857142,-0.022419614474924687,0.019346118186201428
per_feature,17,25,1,0.04,0.9448306416656584,1.0077334445895672
per_feature,18,16,2,0.125,1.182395457784139,1.0824796482306926
per_feature,19,20,1,0.05,4.149508909715546,4.194057733066794
per_feature,20,16,4,0.25,0.8085117831197937,0.7684884381705955
per_feature,21,18,1,0.05555555555555555,1.1037000181419507,1.4693999056674778
per_feature,22,26,1,0.038461538461538464,1.652230128496197,1.4669440384122179
per_feature,23,17,9,0.5294117647058824,1.0058505540259097,0.923469963119807
per_feature,24,7,2,0.2857142857142857,0.48500792934579606,0.48500792934579606
per_feature,25,17,2,0.11764705882352941,0.894181811464544,0.92203475907572
per_feature,26,15,3,0.2,2.2627307586297984,2.0303237300499206
per_feature,27,7,1,0.14285714285714285,-0.01529109116554972,-0.01529109116554972
per_feature,28,6,3,0.5,0.2918967599906619,0.2918967599906619
per_feature,29,17,1,0.058823529411764705,2.2323965566909116,1.8578601971353654
per_feature,30,9,1,0.1111111111111111,0.6329418404286522,0.6157858176750043
per_feature,31,6,1,0.16666666666666666,0.6320556341596539,0.6320556341596539
per_feature,32,7,5,0.7142857142857143,0.06434428675602821,0.06434428675602821
per_feature,33,14,5,0.35714285714285715,1.0256171607257176,0.62199100616866
per_feature,34,9,3,0.3333333333333333,0.9931445645406796,1.573425480109983
per_feature,35,7,5,0.7142857142857143,0.16522863209247585,0.16522863209247585
per_feature,36,14,6,0.42857142857142855,0.5917611334568984,0.6496232887658553
per_feature,37,16,5,0.3125,0.3757166845184412,0.32433187673272595
per_feature,38,24,16,0.6666666666666666,0.5032333405976672,0.49183141506100253
per_feature,39,21,2,0.09523809523809523,1.2009997049494396,1.1207667126219412
per_feature,40,14,3,0.21428571428571427,1.06759103341102,0.998756279128914
per_feature,41,14,3,0.21428571428571427,2.9691414265436977,2.4839029506993944
per_feature,42,12,4,0.3333333333333333,1.2095780558544136,1.2612507744458203
per_feature,43,22,4,0.18181818181818182,6.586400469525209,4.753573355923132
per_feature,44,27,4,0.14814814814814814,0.8072552830816084,0.8501331719934968
per_feature,45,14,6,0.42857142857142855,0.7733330585417291,0.7747845562618402
per_feature,46,20,12,0.6,0.6016636771216456,0.5565873994284665
per_feature,47,13,10,0.7692307692307693,0.3762148573728544,0.4075272910575329
per_feature,48,17,9,0.5294117647058824,0.6518592320057373,0.5302952329748742
per_feature,49,18,10,0.5555555555555556,0.9624095124728417,1.0759782150255643
per_feature,50,15,3,0.2,1.8619607533054754,1.3315051049013775
periodic,1,18,10,0.5555555555555556,0.7578939114941196,0.7044319333448092
periodic,2,20,12,0.6,6.918614474080304,4.62180116456671
periodic,3,15,7,0.4666666666666667,1.3790540745692508,1.2317958695086264
periodic,4,14,5,0.35714285714285715,0.15195076061146584,0.061761317937758076
periodic,5,15,3,0.2,0.9748414455070382,0.9003065839764618
periodic,6,16,5,0.3125,9.370774611698405,7.673062323018473
periodic,7,16,3,0.1875,3.620878838202251,3.657085358161763
periodic,8,16,8,0.5,1.386763695749964,1.2461608041350876
periodic,9,17,2,0.11764705882352941,2.9089586664286875,0.784480290707674
periodic,10,41,2,0.04878048780487805,1.1157373492707618,1.1503975764795584
periodic,11,25,3,0.12,1.4064532435809574,1.2986076883005875
periodic,12,23,1,0.043478260869565216,1.340953447348309,1.3404271784421407
periodic,13,6,4,0.6666666666666666,0.46582068457593395,0.46582068457593395
periodic,14,6,5,0.8333333333333334,0.8475132409361235,0.8475132409361235
periodic,15,18,3,0.16666666666666666,,
periodic,16,14,5,0.35714285714285715,1.127453458713486,1.0070011592750985
periodic,17,6,1,0.16666666666666666,0.9211915691774929,0.9211915691774929
periodic,18,9,3,0.3333333333333333,-0.1774216503444468,0.17043191031885468
periodic,19,6,1,0.16666666666666666,1.250388419841017,1.250388419841017
periodic,20,16,8,0.5,0.8403803874853082,0.7755124338028321
periodic,21,6,4,0.6666666666666666,-0.11528306964725732,-0.11528306964725732
periodic,22,6,1,0.16666666666666666,0.5855064293946184,0.5855064293946184
periodic,23,19,4,0.21052631578947367,0.6143030083866694,0.9383023358069109
periodic,24,6,5,0.8333333333333334,0.20430482005670902,0.20430482005670902
periodic,25,6,2,0.3333333333333333,-1.0684629423041188,-1.0684629423041188
periodic,26,14,4,0.2857142857142857,0.7071793442932032,0.6751499364025048
periodic,27,6,4,0.6666666666666666,0.286039821295038,0.286039821295038
periodic,28,14,4,0.2857142857142857,1.2888304421471226,1.2510108589554434
periodic,29,19,11,0.5789473684210527,1.2533111690859577,1.0883457904154925
periodic,30,6,3,0.5,-0.12367741367853591,-0.12367741367853591
periodic,31,14,4,0.2857142857142857,0.3734726949343605,0.3544322763170516
periodic,32,15,4,0.26666666666666666,0.4140897380247238,0.383172947143712
periodic,33,6,4,0.6666666666666666,0.0423253690557821,0.0423253690557821
periodic,34,15,7,0.4666666666666667,0.7885494934357999,0.6995345476995071
periodic,35,18,4,0.2222222222222222,0.3394311910118196,0.2967086956097138
periodic,36,6,3,0.5,0.4247777172852132,0.4247777172852132
periodic,37,21,3,0.14285714285714285,1.1566410802046043,1.2986706246031885
periodic,38,16,4,0.25,1.0197124504861201,0.9531400396639671
periodic,39,19,3,0.15789473684210525,1.5886105867937976,1.4099307593293597
periodic,40,17,2,0.11764705882352941,0.9922089192439758,0.9060921575765066
periodic,41,6,4,0.6666666666666666,0.18345946725162232,0.18345946725162232
periodic,42,17,3,0.17647058823529413,1.2136646142894667,0.9515299543441322
periodic,43,6,6,1.0,0.09394348318732926,0.09394348318732926
periodic,44,14,4,0.2857142857142857,0.8240501272817334,0.7129516879857946
periodic,45,15,7,0.4666666666666667,0.7424258929159905,0.7203454962581711
periodic,46,6,4,0.6666666666666666,0.011709221541171932,0.011709221541171932
periodic,47,14,2,0.14285714285714285,1.0422601506446623,1.1364028935106016
periodic,48,6,2,0.3333333333333333,0.588082443437879,0.588082443437879
periodic,49,14,4,0.2857142857142857,0.8549336088654986,0.8840509528056756
periodic,50,14,4,0.2857142857142857,1.2753510160379053,1.1794375712805916
ple,1,15,2,0.13333333333333333,1.6860344739895525,1.4715181575095153
ple,2,18,10,0.5555555555555556,0.5058603385050361,0.5360655929678904
ple,3,19,11,0.5789473684210527,1.0072195514234148,0.9370561391172703
ple,4,14,6,0.42857142857142855,1.0790436040063107,0.9905321402740097
ple,5,14,1,0.07142857142857142,12.627694671864193,10.260438029697688
ple,6,14,1,0.07142857142857142,0.8698715201804939,0.09222613071245782
ple,7,41,33,0.8048780487804879,0.906086276349962,0.8616182081694956
ple,8,21,13,0.6190476190476191,-0.3286824625103719,-0.11383526854771416
ple,9,20,3,0.15,0.2077988345501205,0.2268414478151807
ple,10,16,8,0.5,0.43397875095561467,0.4796938316539574
ple,11,23,4,0.17391304347826086,1.481222807453476,1.3360433012408772
ple,12,19,3,0.15789473684210525,1.30685530114378,1.3493271389920534
ple,13,21,13,0.6190476190476191,1.0674617329419274,0.9347293727573505
ple,14,14,5,0.35714285714285715,1.0746434380921226,1.0484832322705728
ple,15,6,1,0.16666666666666666,1.1110275044505087,1.1110275044505087
ple,16,18,10,0.5555555555555556,0.7676589043485742,0.4766997851286313
ple,17,16,8,0.5,0.04918968610110719,0.10022000444772095
ple,18,14,5,0.35714285714285715,0.9600901126643524,0.9520224932582418
ple,19,6,1,0.16666666666666666,0.17242572596148809,0.17242572596148809
ple,20,14,2,0.14285714285714285,1.2812113893951942,1.3701176243997732
ple,21,21,3,0.14285714285714285,0.014740708170990935,-0.006637483213525553
ple,22,14,1,0.07142857142857142,0.6743172811432965,0.7386872726320114
ple,23,14,6,0.42857142857142855,0.5679106342775326,0.4868737605120433
ple,24,16,8,0.5,0.27602228359097514,0.12084179431147363
ple,25,14,5,0.35714285714285715,1.0504559299557485,1.054652472186394
ple,26,16,2,0.125,1.3020933987787142,1.4028700258663789
ple,27,6,1,0.16666666666666666,0.49889005908358197,0.49889005908358197
ple,28,15,2,0.13333333333333333,0.5704952277827062,0.6453255753263231
ple,29,6,1,0.16666666666666666,0.13295579107980893,0.13295579107980893
ple,30,29,21,0.7241379310344828,0.7811125238478694,0.6656085290020963
ple,31,6,1,0.16666666666666666,1.2813423974173408,1.2813423974173408
ple,32,17,2,0.11764705882352941,0.8699709117437517,0.9178273845132878
ple,33,18,2,0.1111111111111111,1.3443458412773908,1.384460218745378
ple,34,20,1,0.05,1.1462112199202816,0.9387876271900708
ple,35,16,1,0.0625,0.8867185274684163,0.8849024816647185
ple,36,17,9,0.5294117647058824,0.6680525230679897,0.37987345175388904
ple,37,17,3,0.17647058823529413,0.4852546633871655,0.07815609626949671
ple,38,18,10,0.5555555555555556,-0.053852801651708804,-0.04620785810615097
ple,39,18,3,0.16666666666666666,1.86520547501,1.5723147725746196
ple,40,14,6,0.42857142857142855,1.548897290162535,1.1745825249739927
ple,41,15,7,0.4666666666666667,1.3680752505851348,1.0704060204500807
ple,42,18,10,0.5555555555555556,0.8205460376244793,0.682998732254251
ple,43,36,28,0.7777777777777778,0.6160129369676322,0.5874590014418107
ple,44,16,8,0.5,1.5239040372153148,1.4538870029444326
ple,45,14,6,0.42857142857142855,1.1497508891871095,1.3538604041369924
ple,46,6,3,0.5,0.6838810263837259,0.6838810263837259
ple,47,14,6,0.42857142857142855,0.5678138075616315,0.525855576223817
ple,48,6,2,0.3333333333333333,0.5571522074330243,0.5571522074330243
ple,49,20,12,0.6,1.0286254190218946,1.0393023090758398
ple,50,25,17,0.68,0.7961155945752075,0.7663748232074709
