variant,trial_number,epoch,train_loss,val_loss,corr_6m,base_corr_6m,path2_corr_6m
ple,1,1,1.1002367847259082,1.0476876651247342,0.11567616043127298,0.11208617430141506,0.14467579514627385
ple,1,2,0.9655802593093424,0.7664961747825145,0.1357626487966627,0.09071313829238838,0.13601637921916943
ple,1,3,0.8162733071838462,0.8457739923770229,0.138248507832274,0.08985409672216822,0.14056904362514616
ple,1,4,0.4414661838525226,0.837091010560592,0.13331612514642377,0.10734731238529396,0.13346166742655138
ple,1,5,0.3592333155499387,1.0892372500151395,0.13522348486779567,0.11430965979816392,0.13335166874652107
ple,1,6,0.24201723409535747,1.2315340297917525,0.13975541164788108,0.12255166669880661,0.13615635709526638
ple,1,7,0.27516533004578264,0.8613078307360411,0.14372453754767775,0.1272783778530235,0.14090889839765927
ple,1,8,0.2221510363890538,1.0405322304616371,0.14656081059171508,0.12987528015704206,0.1450451105988274
ple,1,9,0.1889712471211891,0.985095718378822,0.13493571095944693,0.11429122253442377,0.13258819968129198
ple,1,10,0.172441699102314,1.1248285909493765,0.13802136762145287,0.1188504535840669,0.13633408871149488
ple,1,11,0.1532857217599586,0.952302401761214,0.1367364366655238,0.12151987312439208,0.13618643616791815
ple,1,12,0.18883140548525032,0.8939060115255415,0.1383228021906689,0.12062335906472678,0.1378493078518659
ple,1,13,0.12314866482518569,1.404175392476221,0.1376682697038632,0.10592824297297436,0.1423886213141183
ple,1,14,0.0907903314466008,1.538283602334559,0.14135358702430192,0.10518384859121094,0.14507316647407908
ple,1,15,0.06186207114244878,1.7478965451320012,0.14211961990610386,0.11303187760834893,0.1437714200563884
ple,2,1,0.8395200869038938,0.857632277533412,0.09197446776282353,0.07496117343350003,0.1286890079267323
ple,2,2,1.0710632371834465,1.1291557800024747,0.13003864995359132,0.09099900753353722,0.13394800575139623
ple,2,3,0.48079906355234836,1.010184017335996,0.11523850767989643,0.08897854976045588,0.12711669357959182
ple,2,4,0.8536063626192377,1.3761964494983354,0.12223467269019844,0.10147868681488034,0.12389432675748442
ple,2,5,0.5464263689551329,0.6824589948480327,0.13293770332529675,0.1079839191341307,0.13281278125165652
ple,2,6,0.36823484604616485,0.8595604586104552,0.12707245913722243,0.09190251813658203,0.13578743755545777
ple,2,7,0.6381310888479227,0.7995382928910355,0.12844636028554912,0.09985006919208293,0.13389811478943253
ple,2,8,0.35190970682038275,0.74672359895582,0.12766519424815972,0.09874087064526975,0.13138706202929218
ple,2,9,0.2836371866213749,1.0293755324246983,0.1478314524089607,0.10708131908128658,0.1478221440066894
ple,2,10,0.4180474735397775,0.592419448805352,0.13008188545597174,0.09478299592786546,0.13460682985993724
ple,2,11,0.49708077144168783,0.6169084193184972,0.12500007385388018,0.10134990431639987,0.13563575623556973
ple,2,12,0.22779741491092229,0.6641663383692503,0.13640718990160774,0.10292595444673983,0.13808286463997016
ple,2,13,0.2657532341342183,0.5998695421032607,0.13763770130948008,0.10995752558422585,0.14355631719809026
ple,2,14,0.22185596304119654,0.7918619561940432,0.13040792394119005,0.0881275791209191,0.13795697980870802
ple,2,15,0.22409415371911895,0.6243161929150423,0.1374229584277297,0.11490153201351253,0.13687976036938684
ple,2,16,0.2292336021584185,0.9122353250781695,0.14011157410180505,0.1033855508469666,0.14088786554833252
ple,2,17,0.22746606796540114,0.7826443392162522,0.1350962656394889,0.10126037364085884,0.13800991328510767
ple,2,18,0.12907705190064872,0.6349373904056848,0.13356510235850388,0.09911486082710326,0.13683829492656513
ple,3,1,0.9221106682209268,0.723382572333018,0.11788945477674133,0.11678094569166812,0.13588687553225706
ple,3,2,1.1691474327078415,1.0063970636576414,0.13585441975543897,0.12499834032108387,0.1309735577708731
ple,3,3,0.8104892002274504,1.3158050775527954,0.12529028578816603,0.12908212221227586,0.11665394611191005
ple,3,4,0.379420821311041,1.6365970037256679,0.11727568210917524,0.10975519448596363,0.10809938446618617
ple,3,5,0.3127405929863305,0.7323316721866528,0.11298846576052407,0.10026691213521796,0.10990125486472001
ple,3,6,0.29074941796808695,0.7951581815257669,0.11899048797786235,0.10517555944000681,0.11328497311721246
ple,3,7,0.2965382624210583,1.1772183918704588,0.12331076938038071,0.11564607558927188,0.11947597908874741
ple,3,8,0.2021915048865753,0.8398673480997483,0.11846291378509098,0.1094261321083953,0.11194389793478574
ple,3,9,0.2010886685840512,0.7607202696924408,0.1237011337846828,0.10814364283966521,0.12095645830656092
ple,3,10,0.16368612696764073,0.7448503110557795,0.12043424164294265,0.10579329784280465,0.1167874916640964
ple,3,11,0.15642450689495216,0.6370503840657572,0.11288409938085048,0.09904518754143889,0.10959308511810377
ple,3,12,0.1335044061494363,1.1054860623553395,0.10978187307749371,0.09765505085427624,0.10793913242135507
ple,3,13,0.16279454645336955,1.2459296536942324,0.12420849069409694,0.11693469708552584,0.12076973379201567
ple,3,14,0.19162599226258445,1.0027204000391066,0.11471668987263305,0.11531019413960167,0.1096716230114301
ple,3,15,0.13537428729406592,1.1173377238834898,0.110724723224151,0.11128956548636779,0.1086123764301495
ple,3,16,0.15795819893514457,0.9678862193909784,0.12280693208643546,0.12288923599602034,0.1168664743231299
ple,3,17,0.09888928105139048,1.1023722608108073,0.1087227077378581,0.10492020468324578,0.10572499153204262
ple,3,18,0.09121851816021334,1.018812522990629,0.11724157596278625,0.10596710468331973,0.11366802490083501
ple,3,19,0.06781016597787606,1.0750297174012908,0.1283091454046371,0.11241672744508832,0.12497282554589523
ple,4,1,1.4339081282535242,1.3244373122851054,0.12686515155558784,0.09979817934023837,0.1226326184347272
ple,4,2,1.3211403979905068,0.9734296431144078,0.12045114635645102,0.09865267502027564,0.11812602694020219
ple,4,3,0.9575805666058191,1.1104733581344286,0.11699708453573597,0.1132248912860329,0.11608546738668034
ple,4,4,0.8802136501060829,0.8869306260099014,0.11693931568491583,0.12909936060120042,0.1125392321186761
ple,4,5,0.7322982409525485,0.8369981164733569,0.11549293461587998,0.12751265889576946,0.11327922072960064
ple,4,6,0.7319116815333329,0.7662775874137878,0.12038444347369175,0.13690102105028928,0.11836922698809454
ple,4,7,0.6823141214064514,1.630532521257798,0.005576662509702146,0.11986073740990832,0.0009336586900947926
ple,4,8,0.9719134766796959,1.6387542927016814,0.0953443024152269,0.12721925266087056,0.08968190864349405
ple,4,9,0.7344269473549156,0.9573654400495192,0.11207523993604505,0.1325341231500109,0.10774763553248097
ple,4,10,0.5609907245980428,1.2915671882374833,0.11119940601371733,0.11555453694115082,0.10965763759838107
ple,4,11,0.5037317975888044,1.236351152167966,0.10929973212381204,0.12608169902814553,0.1031360108871013
ple,4,12,0.4774631436060493,1.2458172509136298,0.11595161654986441,0.11664672662009253,0.11285872417502105
ple,4,13,0.3286471503919789,1.4528458599001168,0.12215176231693477,0.11490271442792922,0.11965093035929991
ple,4,14,0.21246416307246638,1.2915077670787771,0.1136616541383167,0.10771831283345819,0.11358124483376741
ple,5,1,0.9792989151818412,1.4103018494943778,0.13514926321028423,0.12905115564353764,0.13373229436886808
ple,5,2,1.45354413450326,1.491221062466502,0.13155976842778425,0.09895992871606722,0.12108334233053028
ple,5,3,1.6179896691511015,5.745748768808941,0.14076109082476856,0.1300918541266583,0.13375314919200415
ple,5,4,1.5180560584283538,9.342214191146194,0.10380060309544206,0.12000007921208938,0.0969340201932937
ple,5,5,1.5642526419389815,1.5753695093095303,0.1130096489097923,0.11842092343916495,0.0969340201932937
ple,5,6,1.6142589511379364,1.6105529372269909,0.10135922300008436,0.09326311473657066,0.0969340201932937
ple,5,7,1.582393494390306,5.207065703968207,0.10130123652876742,0.07376059604721377,0.0969340201932937
ple,5,8,1.7154343710059212,1.6949093870818615,0.10050162391271442,0.061240353326623635,0.0969340201932937
ple,5,9,1.7237306625124007,2.0995446207622686,0.10359593688820799,0.11991622083757345,0.0969340201932937
ple,5,10,1.683123819411747,2.0015694360559184,0.09031560653820633,0.0112301407646252,0.0969340201932937
ple,5,11,1.6480816489174253,10.272071987887223,0.09234557560024162,0.03736144036714298,0.0969340201932937
ple,5,12,1.6717953729251074,13.753086961060763,0.10196531836409121,0.07629809389666965,0.0969340201932937
ple,5,13,1.714404249002063,7.786732078095278,0.09885243745520711,0.0655214200533616,0.0969340201932937
ple,5,14,1.5634718428528498,14.191166514717043,0.10834989846528818,0.09141524292062968,0.0969340201932937
ple,6,1,1.088883620525141,1.0515800622602305,0.139508459965388,0.11205132694837326,0.1387971358024515
ple,6,2,0.9581004697958835,1.1361726668663323,0.1392176246648887,0.10570247950187574,0.1396452717172603
ple,6,3,0.850200577629804,1.7748460108414292,0.13354328115237876,0.10266892580936353,0.1347966282085205
ple,6,4,1.2434691380559733,1.1367536254537602,0.14306020794125895,0.10883543657449385,0.14671389228121068
ple,6,5,0.9957497449414361,1.7152644213909904,0.13206590182768801,0.0945607036158132,0.14077495935489423
ple,6,6,1.3703589428822318,1.168511627862851,0.15390555275856363,0.027964405561215246,0.15282952174699554
ple,6,7,1.163993927916246,1.6698792287458977,0.1351206574278573,0.09114492860777924,0.13428879319690168
ple,6,8,1.0734071405160994,2.042923431098461,0.12294788438399944,0.11653131492591152,0.12246470311268544
ple,6,9,1.3496745314360374,2.216708396871885,0.12943460604631885,0.11341065320496758,0.12916015200898984
ple,6,10,1.3216447571499481,1.3954146546622117,0.06962603473414977,0.0821253738424275,0.06490950651156406
ple,6,11,1.4056397283834123,1.3987413047502437,0.10973013260712226,0.08528685645239117,0.11370047476763527
ple,6,12,1.6365619343261988,1.3305419264982143,0.11545543764562656,0.09417520880306256,0.11421397222269054
ple,6,13,1.7289776904231293,1.4418045702079931,0.10615092390604938,0.10334084553566451,0.07995836921036244
ple,6,14,1.2584165628463129,2.1282880830268067,0.11926217447035015,0.10666286468428249,0.10057883214903995
ple,7,1,1.4271438458845729,1.4102172354857128,0.10815205829955327,0.10775965480715968,0.045964729371371506
ple,7,2,1.0981653496504775,0.9370464034378528,0.10817154720425606,0.1071443414199166,0.11172373929681877
ple,7,3,0.9781721762366711,0.9237658224999905,0.12496271731797606,0.12399762740436321,0.1351881872784967
ple,7,4,0.946394065483695,0.8692222925523917,0.13459280345899363,0.12351468673053508,0.14492484499933198
ple,7,5,0.727586732925995,1.3341104111323754,0.1360860789194703,0.11031357368919999,0.14374476184602827
ple,7,6,0.661846646218605,1.7504618363454938,0.13808464972923198,0.11545389716047794,0.13312726615307233
ple,7,7,0.3684417068194191,1.9888061329722404,0.13606005585946454,0.11687260512844659,0.13167059971019626
ple,7,8,0.2525214150784508,2.168394333124161,0.13216631686470162,0.10779435579897836,0.13063921638143558
ple,7,9,0.24842790278443505,1.688884526398033,0.12693034515153462,0.09939774288698876,0.1284518276108429
ple,7,10,0.21652023608637844,1.5557935690507292,0.12701850169881557,0.10307296714357411,0.12501218874628345
ple,7,11,0.218970916848833,1.460862379396955,0.12882445279974492,0.1076738111441955,0.12621413402763818
ple,7,12,0.18225575608777858,1.7440821340928474,0.12831618350755888,0.10508792698383332,0.1267412008251995
ple,7,13,0.17155267090891443,1.3811724320054055,0.13284455177660373,0.10737392824764053,0.13065116062449914
ple,7,14,0.1548885300160489,1.4631379858590663,0.13273531584224355,0.11215433362716189,0.12887244046044846
ple,7,15,0.13970156145487203,1.8241947994257013,0.13102524871161828,0.10180883892268563,0.13079975049477072
ple,7,16,0.13312266152795582,1.2718381612251202,0.13156636028240123,0.09701115432350586,0.131045176826107
ple,7,17,0.12820248672748372,1.0864942845422774,0.13110545588060632,0.10774244690934817,0.12917660920259852
ple,7,18,0.13850234365709763,1.1734169798592726,0.1280279965683197,0.10117930934890561,0.12644380804461738
ple,7,19,0.1064541278481354,1.2977627263093987,0.13143825900527492,0.11136682551781026,0.12649750106502325
ple,7,20,0.09916249468011619,1.194953440502286,0.12790116506318253,0.1012162531260401,0.12571053444407881
ple,7,21,0.10003937029724179,1.0333803898344438,0.1340821569688463,0.10830692732706666,0.13038059823059786
ple,7,22,0.12819663858381175,0.9770690297707916,0.1310220598281982,0.10691486792638898,0.12947893217982104
ple,7,23,0.10627570851301286,1.323776944167912,0.1267535729634498,0.10353526097411911,0.12444676213878363
ple,7,24,0.08108458885948898,1.0703961816616356,0.13321111438175043,0.10421780461135009,0.1308219051708875
ple,7,25,0.10128613403307214,1.1213328981616846,0.132453907331607,0.10552140077731262,0.12995161228658011
ple,7,26,0.07364137627282327,0.9606983889825642,0.13243674738720682,0.09780271155759693,0.13300005007379997
ple,7,27,0.08238392492589015,1.1867646258169164,0.1313993146487822,0.10168813871374975,0.13041966302941244
ple,7,28,0.07228408328817404,0.9899226181829969,0.13168691182897116,0.10860109161197519,0.12715279838691154
ple,7,29,0.07521864961526016,1.232229216148456,0.12730077751718152,0.08432135328524358,0.1288324055087287
ple,7,30,0.07015875380995336,1.00177327801163,0.1332980729212674,0.10779562365884582,0.12977538590009013
ple,7,31,0.07340804871452587,0.9521974174926678,0.1366452717105858,0.11350537886222203,0.13410716084181332
ple,7,32,0.08666846499453107,0.8975937634085616,0.13320763857724766,0.11677457254069547,0.12914722919425306
ple,7,33,0.08567949664552182,0.8682282035549481,0.13326861715953175,0.10021990426369788,0.13177102619665676
ple,7,34,0.08706401525220524,0.9989460561424494,0.1336630568684389,0.10945093875440458,0.13174091387772932
ple,7,35,0.07602154005167355,0.8687716362377008,0.13146086803171783,0.10990751104351754,0.12876840109626453
ple,7,36,0.06850998765753863,0.9488926300468544,0.13081879611078573,0.10777528672091043,0.1288983016682323
ple,7,37,0.06762165714947817,0.9600530589620272,0.1291023442715717,0.10423923074267805,0.1270118249890705
ple,7,38,0.06271407207197395,0.883437035108606,0.1303085163536404,0.10520988700445741,0.12725741149236758
ple,7,39,0.0615328928769385,0.981859716710945,0.13133312320957582,0.11061625095026102,0.12855503811345745
ple,7,40,0.049119918082613456,0.947245749955376,0.12916576030353705,0.09714067000895739,0.12842278327091966
ple,7,41,0.04308826389159737,0.9491745402415593,0.13495981472466761,0.1042754954037567,0.13367478527798085
ple,8,1,0.9561856065300249,0.7461009476333856,0.12820314143318684,0.10720152173404737,0.1253128459987541
ple,8,2,0.7032199846839325,0.8322653391708931,0.09110178997119268,0.06924335097761893,0.08878403040580451
ple,8,3,0.721104053089336,1.5269538817927242,0.10115297034693262,0.11837958645386,0.09230711851269006
ple,8,4,0.9994040803525538,1.147632402057449,0.11941750751187404,0.11925166988318475,0.114984922784303
ple,8,5,0.7349631020777105,0.8136277735233307,0.11243815229584773,0.10358619396768821,0.11406091952424807
ple,8,6,0.7328828347935563,1.0084984483818213,0.06749741937577104,0.1147502130343734,0.06020076351317887
ple,8,7,0.9797936590787556,0.791003869784375,0.0888141821953468,0.10608879251619024,0.08674095390348763
ple,8,8,0.7603780539588086,0.99816090327998,0.10382193404560287,0.11176472343649949,0.1020314437841686
ple,8,9,1.3303471607237405,1.1964375669757525,0.10367709089381,0.11569860213397382,-0.014482490484563943
ple,8,10,0.8298489997784296,1.0259581318125128,0.0944386903080158,0.10163135209004395,0.08960396071585516
ple,8,11,0.6374276111656356,0.9803488744422794,0.09400550272936622,0.08941273290508889,0.09447694855431715
ple,8,12,0.5018997497612699,1.0007124804581204,0.09807974183155845,0.08358272521970017,0.09942533400220176
ple,8,13,0.9694610660126994,0.6338437146196763,0.10883947517722845,0.10367878440301866,0.10817280053161085
ple,8,14,0.3465248032654118,0.9069868486374617,0.09123101043514907,0.08186095758737792,0.09042214707005769
ple,8,15,0.4216557593068241,0.6991865860143055,0.09586966868955642,0.08766514965488265,0.09378363811799015
ple,8,16,0.49925820530477233,1.1124658447069427,0.1124415888140599,0.08927611374141027,0.11242568039645752
ple,8,17,0.5729408114649621,0.9518770595702032,0.10204003575878838,0.07698820837928604,0.1017740748822689
ple,8,18,0.9973803246061185,0.9480594418011605,0.08795490985115369,0.06353461985321095,0.08976012999579931
ple,8,19,1.1762673581639926,0.8112095231190324,0.08834754942993944,0.07936045552499611,0.08878479632548988
ple,8,20,1.1836396347480043,0.9785882242644827,0.09004807251815995,0.08586231508137038,0.09001866222048799
ple,8,21,1.160331333595668,0.8316488710852961,0.09090881062050661,0.08387912999217709,0.09060688853884737
ple,9,1,1.4625106152620106,1.5516477704358598,0.12097894210989277,0.0985765008876721,0.11997716501355171
ple,9,2,1.5961091873191653,1.6799317166830103,0.1304573311082398,0.1004455296730157,0.12870887724178223
ple,9,3,1.6802916964368215,1.3492031154533228,0.14384038923308254,0.10923112742602825,0.13142025301155325
ple,9,4,1.8035953392585118,5.904202657006681,0.06717965008768563,0.014126692500819141,0.1319037690293044
ple,9,5,1.6599430839220684,2.3924267245767017,0.02590064724596838,-0.007973354722086394,0.13069534052823048
ple,9,6,1.6461452851219782,4.13965933918953,0.12300885218040397,0.10674873023720768,0.12885126546413328
ple,9,7,1.631285598353734,5.909731218218804,0.07089802672465642,0.047386440514431645,0.12885126546413328
ple,9,8,1.638966216927483,2.6443291753530502,-0.033508034145537144,-0.05441139362519607,0.12885126546413328
ple,9,9,1.6756404822780973,2.5500343650579453,0.0031764319166541098,-0.009382133972637045,0.12885126546413328
ple,9,10,1.7274990327774533,2.0020490939418476,0.032233380809581526,0.016327212812999883,0.12885126546413328
ple,9,11,1.6563099504463257,1.9811481297016145,0.020499036653200166,0.006361151140299626,0.12885126546413328
ple,9,12,1.6466088460551367,1.7793123393009107,0.04052443380545204,0.031376654150274894,0.12885126546413328
ple,9,13,1.6567585775776514,2.1099274029023944,0.06993083094712346,0.0638377072988078,0.12885126546413328
ple,9,14,1.592836029945858,2.10356784760952,0.031061431245567896,0.02054030077997595,0.12885126546413328
ple,9,15,1.603263836531412,1.876773187580208,0.02948317500995472,0.019701060862280427,0.12885126546413328
ple,9,16,1.5970580516353485,1.8233177655066053,0.030540128958333905,0.020826551741144308,0.12885126546413328
ple,9,17,1.595612559053633,1.844771974099179,0.03102986468584277,0.02134241375994558,0.12885126546413328
ple,9,18,1.5956626595958832,1.8213896630331874,0.03148968698224053,0.02182624095973248,0.12885126546413328
ple,9,19,1.5961273908615112,1.8213896630331874,0.03148968698224053,0.02182624095973248,0.12885126546413328
ple,9,20,1.5958544829535106,1.8036533175036311,0.03170485651935451,0.022049345223543546,0.12885126546413328
ple,10,1,0.9530683977174617,0.8822912296901146,0.14132370851002635,0.12128725307799565,0.1407552786481877
ple,10,2,0.7529245064749072,0.9027820320179065,0.13712627326409954,0.12120653135546794,0.1348575006859998
ple,10,3,0.9471157417144804,1.1935564481342833,0.13905104729346932,0.11185082603284778,0.16146293856824437
ple,10,4,0.6037843397057187,1.622783812570075,0.1465433230740018,0.12285767397127832,0.14311690200896313
ple,10,5,0.9501214119871813,0.8343291286379099,0.13456200743494265,0.08609129222265134,0.13729838869379213
ple,10,6,0.9291564706520784,0.9915959544790288,0.12997989665406445,0.09678835878148676,0.1315411592212816
ple,10,7,1.1412707243691242,0.9190277139345805,0.14415687463091065,0.12484573384620792,0.14364240594829122
ple,10,8,0.6820781586413633,0.691322845313698,0.13295609560639907,0.1222601243838047,0.12594053220915763
ple,10,9,0.5004866816540477,0.791639740144213,0.12967841679152722,0.08963573997219404,0.12905446225777267
ple,10,10,0.7759873514194855,0.8235025216514865,0.1278903037159277,0.12398150765244888,0.1243497955884474
ple,10,11,0.8221971214802507,0.8558233990023534,0.13017699107682953,0.08009705093766874,0.12747253995233526
ple,10,12,0.6483737268995139,0.7617090330769618,0.13726342439476866,0.11515127767343074,0.13699694086487094
ple,10,13,0.4698702803561612,0.9660005071821313,0.1417856141216665,0.11900787679478526,0.14216130656326034
ple,10,14,0.45139600683580194,1.0220666436323276,0.12852581948536682,0.1155511637761568,0.12428177330293692
ple,10,15,0.33166907267600654,0.7496647847137259,0.1272443078380699,0.08862014292584111,0.12365706913697068
ple,10,16,0.27275467340835363,0.7067334243639682,0.1268134745070711,0.10638195271991814,0.12589027107169387
ple,11,1,1.8120022101534738,1.3214830805857976,0.12553088647546246,0.08665953200349273,0.1243317170223842
ple,11,2,1.4586398368849167,1.5685107680658499,0.13718100564243893,0.10344124712282791,0.13671148805491004
ple,11,3,0.9123907141740404,2.00121733546257,0.13945629595158002,0.11152710413637881,0.1379068386197711
ple,11,4,0.7078539026782863,1.123918045933048,0.14209183995456745,0.12284581403332595,0.13874970440131923
ple,11,5,0.7107276646494274,1.4968755753089984,0.13103691724827513,0.13599156394290426,0.12744604436641868
ple,11,6,0.9147892043018522,1.815170100828012,0.12381035517513131,0.10817527933783519,0.12196288900449873
ple,11,7,0.5642374815421164,1.5494031302475681,0.13355905398299608,0.1125380375267317,0.13283978645922617
ple,11,8,0.44756426241448416,1.155735513071219,0.1401853575448816,0.12071905121168432,0.1361737372431283
ple,11,9,0.36326994799772305,1.4125820434341827,0.13684290917978312,0.11273151172790677,0.13492025927407666
ple,11,10,0.3940552776219279,1.6025766036783655,0.13117635843809694,0.1184858177326916,0.12863045021658764
ple,11,11,0.38604170794040704,1.3497437122588356,0.13888708943656336,0.11162947997606049,0.1365026055602357
ple,11,12,0.30469093405242476,1.2803347316881022,0.13680190059045952,0.11160961143517246,0.13448927042384942
ple,11,13,0.39034871082202743,1.328002459804217,0.13094157446175814,0.11173720372995982,0.12767319551979503
ple,11,14,0.5240597556093856,1.2096249761680762,0.13042669161222875,0.11657082913637472,0.12633775635816466
ple,11,15,0.49219388473180253,1.1499589428926507,0.12878498324813942,0.10596960186958312,0.12262715644513568
ple,11,16,0.2691738502249964,1.2936732013399401,0.1310959779812644,0.10114139195842048,0.12762752749646702
ple,11,17,0.26007954536480754,1.3583748313287893,0.13661136018733183,0.11145540242820667,0.1336381874900932
ple,11,18,0.1944857880042123,1.3903294701129199,0.13268194569197173,0.0977416210497419,0.13059976852188507
ple,11,19,0.1892719264936796,1.2979089713344971,0.13638294565025716,0.1109197490926211,0.1334360587100188
ple,11,20,0.17149848292631628,1.4229787266502778,0.1345880430021983,0.10787331607037534,0.1319621099178524
ple,11,21,0.15455321850054637,1.5935610300861298,0.13473777864904454,0.11254649087010572,0.13244887914819023
ple,11,22,0.12419433939424972,1.524062937994798,0.132003909520184,0.09737960160321867,0.13101099945294362
ple,11,23,0.11391934570034094,1.5951421531538168,0.13327535110681007,0.10079352198323856,0.13170165887398375
ple,12,1,1.5744399139805445,1.5646316607793171,0.10698128451282779,0.10589647907763719,0.09864260211761575
ple,12,2,1.3073647981361738,1.1105868364373843,0.13625660254620015,0.09485002552100923,0.14313766692842667
ple,12,3,1.1745284770704096,1.0074306216090918,0.13086760642472656,0.10138556372451907,0.1305006710618424
ple,12,4,1.2037663972545747,1.0808672249317168,0.1297138605033979,0.09847137338947505,0.1283242691162741
ple,12,5,0.7526364874737781,1.0952505654344955,0.1388033176306635,0.11496168084073967,0.13687801598377217
ple,12,6,0.9696681032489453,1.2513651955872773,0.1322440410614945,0.1173205825771826,0.12958628822622512
ple,12,7,0.47442539865224964,1.1513803867002328,0.12492444458960866,0.11336995083838701,0.12138734463175448
ple,12,8,0.44060538828165996,1.1572042471418778,0.1360539332187424,0.1272445812433337,0.12974832197651268
ple,12,9,0.3252828307135681,1.4053301900625228,0.1371649315241181,0.13314224378749107,0.12890368386482198
ple,12,10,0.317380031707534,1.321632298330466,0.1341657207890724,0.12759357041601713,0.12531471674640973
ple,12,11,0.30917004866909886,1.12804141951104,0.1403549809862549,0.13209241154933504,0.13078745172776204
ple,12,12,0.34335233411467114,1.137029548951735,0.12641586414538325,0.12559203912484615,0.11599216262159946
ple,12,13,0.2318007344221105,1.4768150822259485,0.13118734243325889,0.10933805676953247,0.12694247642454382
ple,12,14,0.18129330761000764,1.527532070254286,0.1281388983033442,0.11351323445366385,0.1229456234917355
ple,12,15,0.18533333512355707,1.390230762710174,0.13500811994696657,0.1053441212454345,0.13228116683506716
ple,12,16,0.16256412644112955,1.5816358516613642,0.13337508581995886,0.1002379605663009,0.13225669853078822
ple,12,17,0.16049240162690348,1.3748974912489453,0.13988143626678115,0.1104134002312397,0.1376993524065862
ple,12,18,0.1277970320624595,1.584773472044617,0.13436886514925087,0.10692350536119193,0.1315735778848951
ple,12,19,0.09963076323811759,1.4064860643818975,0.1327675482452226,0.10470489991518359,0.1304443960514618
ple,13,1,1.489183237983121,0.9246594496071339,0.12367111113562715,0.09886712272418663,0.12137836047913879
ple,13,2,0.8931634494561761,1.0347156124810377,0.12355628875860324,0.1194463270699392,0.11753486735688057
ple,13,3,0.7591635824166356,1.6744412412246068,0.13198886159807444,0.12901526807884997,0.1270114585912476
ple,13,4,1.0421630346127564,1.4591671412189802,0.09847852505433062,0.10395622539217583,0.09913822791228692
ple,13,5,0.9190898938141467,1.736502321064472,0.08823327030210446,0.10820111855476473,0.08462145350834666
ple,13,6,0.6881843434779772,1.6108459649607538,0.12901006388383393,0.12984896409325303,0.12793541312372933
ple,13,7,0.5984789351193559,1.2041394915431738,0.10346524184569716,0.1095891040400602,0.10004505812588226
ple,13,8,0.8182668122019441,0.8899929792930682,0.11717586754724228,0.11276385685584198,0.11582745554624126
ple,13,9,0.49206253655609633,1.659313085116446,0.12176366165901224,0.1176128811435774,0.12049707053229212
ple,13,10,0.428655775444996,1.110752329354485,0.10760002256914353,0.0977645774371922,0.1076022287782204
ple,13,11,0.35034142048209016,1.2963513086860379,0.11084784855290006,0.11654629073260973,0.11099689926098412
ple,13,12,0.4493448739579882,1.1666181084389489,0.11525204087762783,0.1068132748051236,0.11233793214972441
ple,13,13,0.3728869543052237,0.8722165572146575,0.11513316419053202,0.11520673523191363,0.11284697461718073
ple,13,14,0.2984141962332947,1.2121524561041346,0.11886557420560469,0.12028756471530262,0.11855730310392877
ple,13,15,0.34567804626810056,1.2910373042027155,0.12593955421665062,0.1107654275392027,0.12563761672063264
ple,13,16,0.3081554729964525,1.0878574685504039,0.09776074435018624,0.11291769532642017,0.09389304878811042
ple,13,17,0.2246179805582552,1.0757319459846864,0.10332662380921344,0.09362299029404918,0.10255180196836591
ple,13,18,0.43363410267158453,1.291073186819752,0.10638662252458744,0.10248697036877275,0.10680295273486991
ple,13,19,0.28952307089708657,1.274850177927874,0.0978386302216677,0.09861086191376671,0.09746743610109358
ple,13,20,0.21886678522689237,1.1311717594663302,0.10816801254986785,0.10113690253444171,0.10847561670137414
ple,13,21,0.16365701601598487,1.231118748957912,0.10337268880878886,0.10266062607212613,0.10320329915072458
ple,14,1,1.4430874696090108,1.383801630139351,0.13536219782351205,0.13002352617525806,0.15503478953032754
ple,14,2,1.1271215764332623,0.989582218726476,0.1406500596475477,0.10101746559763948,0.14253573622263502
ple,14,3,0.8572607583972434,1.3768105100219448,0.15093172285705805,0.12231123649204771,0.15054086151455218
ple,14,4,0.759654839611834,1.2080345728745063,0.1381089493855446,0.12422856571477799,0.1365412913291948
ple,14,5,0.5870956534571532,0.8274924495412658,0.12940632365643978,0.1331982189537181,0.12289368684093158
ple,14,6,0.8197733979627845,1.0225872741391262,0.1419646406226093,0.1304500099349146,0.1375767373945564
ple,14,7,0.5325697026112013,1.2022288187096517,0.12464245203106354,0.1183024721724602,0.11983055433568855
ple,14,8,0.40014618596095325,1.2775109351923069,0.13262444293747347,0.1241143613529251,0.12939881771647682
ple,14,9,0.32474950780964545,1.150095685136815,0.1348539131693542,0.10785294207550275,0.13571808717388195
ple,14,10,0.23894341944602304,1.0608247883617878,0.13276237402072485,0.11592619338383277,0.12868845853954552
ple,14,11,0.275533317383388,1.406518459195892,0.13032796298308919,0.11115265617263503,0.12777558584154272
ple,14,12,0.21652772810286103,1.1870093440481773,0.12968758098625888,0.11354226170418164,0.1269239487630936
ple,14,13,0.13093120425510857,1.231255847029388,0.13050284049628924,0.11453417905140668,0.12633136871736497
ple,14,14,0.11391105611498158,1.188554494207104,0.14187760621619722,0.11291740153319552,0.13910840639922148
ple,15,1,1.6358026897327766,0.8678226925432682,0.12617311514914037,0.11724544222185311,0.12450688032743831
ple,15,2,1.7730747217105494,2.416071883092324,0.11455605274337964,0.12675121015054175,0.1125624360749498
ple,15,3,1.7703332365194837,2.4617752112448215,0.01835352649213746,0.12662660323355038,0.01606790375856993
ple,15,4,1.5374616744321963,2.4550944685935976,-0.01105989475424091,0.12589939495616514,-0.015156189173285383
ple,15,5,1.4923902003774567,2.6087110261122386,0.00882282952661626,0.10533622129587457,0.007559084158856422
ple,15,6,1.4743367950653745,2.585364299515883,0.02780525842681527,0.11734482952548812,0.02614152804793169
ple,16,1,1.121908579228653,0.9696532254417737,0.13151739896275103,0.10589383059802154,0.13535680517864723
ple,16,2,1.74423349314251,1.545489414036274,0.14771849441652496,0.0885232161420087,0.14859187724068762
ple,16,3,1.0455864062754525,1.3902891038606564,0.13999777091424523,0.11460990753645699,0.1363071206646661
ple,16,4,1.1148954065450067,0.9998730489363273,0.149761846048447,0.11792558406402047,0.14715835766401142
ple,16,5,1.1161304697216976,2.379949941051503,0.14488641453596454,0.11946144579754521,0.14316812947702903
ple,16,6,0.9140628537561353,1.8542717528839907,0.14778607482342826,0.11335872485457608,0.14759879123109082
ple,16,7,0.7382838606339185,4.725496145803481,0.15502015630481764,0.11828211252965654,0.15329184267514695
ple,16,8,0.5824610095153312,1.462483651128908,0.1590129421907477,0.09441102710455501,0.1589530234845976
ple,16,9,0.78751676507102,1.2871092166130742,0.14028849255604048,0.1155169696736266,0.13607964894423882
ple,16,10,0.5435620651696809,0.949146723250548,0.12511466372137267,0.10435344294916528,0.12192211899285516
ple,16,11,1.2063470906254627,2.4968877005080383,-0.1202322351654099,0.11932668962981552,-0.12454197944850118
ple,16,12,1.8103979660257223,1.7334558765093486,-0.032105798825311165,0.11222537001594901,-0.036922023709242545
ple,16,13,1.4226835377399796,1.6421822169989657,-0.013127165497280657,0.11653942725606611,-0.014788414918196697
ple,16,14,1.2941878181734374,36.91081607118249,0.03926512252849837,0.09716954203371037,0.03491623807155217
ple,16,15,1.7337120078533652,1.8274002347063893,0.019993805165480202,0.09557455360578994,0.019258878121036105
ple,16,16,1.3984334458641352,2.0091060921549797,-0.03256602333858609,0.08702920162274191,-0.03325835691260484
ple,16,17,1.7440188844791717,2.178798247501254,-0.022966578119667246,0.09112973047886044,-0.023708589169352003
ple,16,18,1.5834501447481295,2.3511090490967037,-0.020081382140051573,0.09288301137664044,-0.0207558593499319
ple,17,1,1.2685926938577303,1.12868579129378,0.1423836463596672,0.11694554596906528,0.14046946158632637
ple,17,2,1.04278838542837,1.5864814276496568,0.127594212264133,0.11803304200293496,0.12647700620194277
ple,17,3,0.7847439475534927,1.2763950834671656,0.10660316362821808,0.11804964097682387,0.09913447886550178
ple,17,4,0.8513479642643933,1.3330870447059473,0.1292608604358975,0.11449896767735482,0.12522968481498536
ple,17,5,0.8395743851793841,1.29462991108497,0.0909874256933108,0.09915594248256336,0.08815816094866022
ple,17,6,0.8589585676996244,1.104897417873144,0.06062337489177783,0.11544853278125326,0.05826855113264173
ple,17,7,1.0435425815069013,1.3641198436419169,0.08895461290958337,0.10631203476029137,0.08701558605146904
ple,17,8,0.898932208727476,0.9553807243704796,0.08314685017879432,0.08641905717086047,0.08122035784181207
ple,17,9,1.141459221516492,1.5855998651434977,0.10016246630887811,0.10145012363354908,0.09900864907928432
ple,17,10,1.4946286127946915,1.6276261605322362,0.10307794776648128,0.11099491618418446,0.10227530107076746
ple,17,11,1.4681209940758964,1.611673687150081,0.10382070950581693,0.08197986766560159,0.10289409326699873
ple,17,12,1.4692239264647167,1.5984774656593799,0.10433797457808396,0.10655178897238025,0.10358161356295265
ple,17,13,1.4659115180136666,1.6907118485619625,0.1048839504888747,0.08409118986552737,0.10403636301307415
ple,17,14,1.45580293498342,1.540189306686322,0.10526131302176508,0.09239897758622344,0.10444917013616456
ple,17,15,1.458962897459666,1.501466526898245,0.1053188091823055,0.08972159416104357,0.10456952768921231
ple,17,16,1.4526953512714023,1.5018850373725097,0.10535909254685975,0.08555737789526272,0.10470274747737372
ple,18,1,1.4598915165378934,1.3882087121407192,0.10708742471567044,0.10782892998249735,0.010231212231641014
ple,18,2,1.2095126820698616,1.114355822900931,0.09460675982069612,0.0891267653942729,0.13704405543394388
ple,18,3,1.0794810441337408,0.8198343609770139,0.11193636592943221,0.09869931505915398,0.12884107053590318
ple,18,4,0.8680809371853395,0.7514709311227004,0.1325187204638496,0.11091764092076725,0.1315394029797365
ple,18,5,0.8552063331007957,0.7146259897698959,0.1415296998534662,0.11227566080439526,0.14297088177797074
ple,18,6,0.6438863336936467,0.7742429805919528,0.1514960694340213,0.12388707540618876,0.15009943954646587
ple,18,7,0.6073233559062439,0.8608016611387332,0.1578665271382003,0.12676668987454226,0.15569868300420542
ple,18,8,0.4020603402916874,0.8865238237505157,0.15448595353906663,0.12611403545476302,0.15027945876742402
ple,18,9,0.2818052219485657,0.9444434608022372,0.15674837494201105,0.13673022243310698,0.1502769069125255
ple,18,10,0.25399741328631836,0.9663426246494055,0.15720039415949336,0.13570991350376668,0.15274638106736044
ple,18,11,0.22574971396834514,1.1234810611931607,0.15699273105710745,0.13352881969573596,0.15412074462510644
ple,18,12,0.23050655311136137,1.2367306856438518,0.15891431824614605,0.1391684798868179,0.1540118409631153
ple,18,13,0.1719521064725187,1.0617053410504014,0.15605133560602552,0.129897524221451,0.1535532187127198
ple,18,14,0.1516894793123125,1.1117795919766649,0.15789741793802628,0.13210621162264335,0.15486597545289746
ple,19,1,1.2533888505062176,1.3221597224473953,0.11855627098411788,0.12099560577771626,0.11264376063675931
ple,19,2,2.3782013381742653,1.8524368492265542,0.019666148470726817,0.12040782708985111,0.018167475038596118
ple,19,3,1.5687448738275893,1.5328519662221274,-0.010379321781996017,0.11462564510293305,-0.01098492721406122
ple,19,4,1.594073903584291,1.5511892507473628,-0.009606824536119045,0.05021548949298449,-0.010012067697243766
ple,19,5,1.6594614419672225,1.68712624112765,-0.007018851593602449,0.11192858143670795,-0.009970170422457158
ple,19,6,1.6774568439476074,1.8498825699090957,-0.0384078958518027,0.09236043936107308,-0.039226790176083645
ple,20,1,1.3442298982824599,1.304289276401202,0.12365209970303112,0.12019622374791653,0.13400671338507283
ple,20,2,1.142426759862001,0.9688765436410904,0.13900094607767338,0.11315431314675758,0.1395163964286136
ple,20,3,0.7980320031444231,1.0645490718384585,0.1379500827131172,0.11686122551715622,0.13697270372261602
ple,20,4,0.6504364593161477,1.500003294274211,0.13741495332991083,0.11663349795077617,0.13614916174362104
ple,20,5,0.6071310704721818,1.5328532423824073,0.13982758267472187,0.11666145328490529,0.13840333707630634
ple,20,6,0.5346834929512133,1.3164010673761368,0.1322638007812202,0.10300112869978571,0.13169985562562941
ple,20,7,0.6517391076444515,1.5018892635901768,0.1307800864179929,0.09917869575632116,0.13016873638456067
ple,20,8,0.4506169209434163,1.5137293502688407,0.13485072869807482,0.10602570013919224,0.1339109364276131
ple,20,9,0.3225154758889287,1.506884588735799,0.13532908118019502,0.11046789243506888,0.13285372232397397
ple,20,10,0.5665591396391392,1.5316879795864224,0.13369033013780912,0.10539201824770619,0.13166535583635172
ple,20,11,0.30340665684539886,1.432208433561027,0.1341454036378612,0.11083207254996523,0.13205334755281609
ple,20,12,0.23093984289822864,1.6326361769499877,0.13303460888564586,0.11732346286686758,0.1300673809212943
ple,20,13,0.2528457436197814,1.6802908933721483,0.13439423761640987,0.11569283655068527,0.1313533608801663
ple,20,14,0.31067285784945214,1.5918842472446462,0.13296075531591972,0.11810825569555164,0.12955720977236826
ple,21,1,1.0336781321241268,0.9066040138403575,0.1535686289173706,0.11760140492891272,0.1568419418297708
ple,21,2,1.1547013266632955,2.567728107236326,0.13046744744836664,0.11448226268403232,0.1288956537997971
ple,21,3,1.1569867080654062,0.7488089603682359,0.13667274119216016,0.11213559821092835,0.1348571609860907
ple,21,4,1.1022616264388143,3.3445216424763204,0.12111788161564618,0.11320597728093465,0.1193725487285216
ple,21,5,1.224865499643668,1.5086801211660108,0.0627752596201996,0.1004028467927128,0.06232275288008774
ple,21,6,1.4305752819285742,1.3108523843499522,0.07222576675315698,0.1093404995452147,0.07147353293063739
ple,21,7,1.4035065605634054,1.3516921950659404,0.07334167905307064,0.11845257215027231,0.07265705647102247
ple,21,8,1.385383783102346,1.4452714596719791,0.07434956670428315,0.11023767209456613,0.07357842071990793
ple,21,9,1.3950425477491484,1.3156648672496278,0.07448310402299588,0.10718741359887644,0.07395300543479001
ple,21,10,1.3734254939925103,1.3610386718374987,0.07507195581759636,0.09744519341426591,0.07448661408464735
ple,21,11,1.3980596994182892,1.3335394269476335,0.07587016536660182,0.11859849532290051,0.07496340652384485
ple,21,12,1.3734845159545777,1.3459719950178017,0.07553292123290399,0.11175795597373508,0.07496340652384485
ple,21,13,1.3729800638698397,1.3087242690691103,0.07544891400805985,0.11297332305305947,0.07496340652384485
ple,21,14,1.385706435120295,1.4397525986656547,0.07537166998566439,0.10749983809267481,0.07496340652384485
ple,21,15,1.3474758305246868,1.3635781284421682,0.07552461862020815,0.10711492961575762,0.07496340652384485
ple,21,16,1.3454135088693528,1.3773364546398321,0.07534999567627286,0.09670091474739213,0.07496340652384485
ple,21,17,1.3419492339331007,1.3240222064312548,0.07551465034484864,0.10217869847935314,0.07496340652384485
ple,21,18,1.3357440015626332,1.3317657037870958,0.07547560806851834,0.11339534424284163,0.07496340652384485
ple,21,19,1.3427260745139349,1.3364540642282614,0.07548508621208991,0.11459277326939628,0.07496340652384485
ple,21,20,1.3306803807379708,1.3109295920624087,0.07547088732244447,0.11330696641816758,0.07496340652384485
ple,21,21,1.318241570677076,1.332982278848067,0.07551956935785711,0.10426985317608342,0.07496340652384485
ple,22,1,1.0558702561649538,0.9925485658148925,0.13535041157932332,0.13414593330041194,0.11865357512918612
ple,22,2,0.9442326614101019,2.002367876842618,0.12749699777341447,0.12466404488271413,0.11636485347213844
ple,22,3,1.1097239470331086,1.8180471876015265,0.10818754639476538,0.07226712775494283,0.12940615969904076
ple,22,4,0.7658831316253377,1.7951327395935854,0.13276763456718374,0.09644444551037547,0.13454801002748884
ple,22,5,0.6239573980925516,1.3699223266914486,0.12709163928714892,0.08128740271204152,0.13309750218953317
ple,22,6,1.2394343924206046,1.1079162908097109,0.060388588934438305,0.08950445747226089,0.042467357714970906
ple,22,7,1.6042175688115614,1.690354215229551,0.08788235461494574,0.10487865590645622,0.08352093861831236
ple,22,8,1.7680235144697012,2.847323089465499,-0.026676145494760325,0.06278926324254523,-0.03012008350342512
ple,22,9,2.473210999623887,2.1754894718527793,0.08497827564521382,0.06061669335467741,0.07679961212367441
ple,22,10,2.1792172660851583,2.491388908525308,-0.06117236468320091,0.021819253107726883,-0.06139280723097424
ple,22,11,2.633603702713218,3.987282706797123,-0.047638445335906,0.07538172619197211,-0.04877915128987904
ple,22,12,2.2705249437870134,2.4348426225284734,-0.042853906964107104,0.05533599128636221,-0.04475215692073107
ple,22,13,1.80882405376594,3.186250911777218,-0.029871991245696942,0.08704770014543707,-0.031461482514957125
ple,22,14,1.8838152596948756,2.558132540838172,-0.03566364242384831,0.08066313846890504,-0.03763741299820443
ple,23,1,1.60461919139775,0.7442353464663028,0.12397989542369033,0.11114426647739796,0.132758182217367
ple,23,2,0.7037752405370749,1.9712743556747834,0.14090035816576954,0.12714646297002521,0.1437282753875479
ple,23,3,0.5716138590365835,0.7105424773568908,0.15261027597201368,0.10177911732268209,0.1556278989262258
ple,23,4,0.5228945303718479,1.3389754779015979,0.13748992439359425,0.09736781388880142,0.1408592115204859
ple,23,5,0.5670394143311396,2.384412313718349,0.12143442963715642,0.10473470352590084,0.12117277146899141
ple,23,6,0.39415458227287875,0.6890359810398271,0.13546280208975076,0.10869916675922771,0.13859226292309662
ple,23,7,0.40631123537212493,0.8267767750968535,0.13759791769164925,0.12179597941770529,0.14136355735051134
ple,23,8,0.3957474579580039,1.2895206359991183,0.1277319215296302,0.11557937757655358,0.12360782949253916
ple,23,9,0.35997492927570074,0.7488428826754292,0.13592990764106314,0.10815932226056854,0.13802578202448784
ple,23,10,0.32704719491413836,0.7907890759718915,0.13137306296654666,0.12017007589650651,0.13133048211069157
ple,23,11,0.23859003979605548,0.8681330396910198,0.13049173818241494,0.10426801834934546,0.1279934769050063
ple,23,12,0.688472676065026,1.1085453384245436,0.1321191460447153,0.12091603428513432,0.1285559406193594
ple,23,13,0.4499141101130388,0.9225520950121184,0.13295120767628152,0.1088341051111153,0.1328444952222829
ple,23,14,0.20835503027635804,0.7762656645538907,0.13513755758758633,0.11897291983477772,0.1342328444123268
ple,24,1,1.2065406448488671,0.7923490392665068,0.13021559262027343,0.11049896356416866,0.1377563790185377
ple,24,2,0.7664805365327213,1.0416290402722856,0.12833761340395236,0.11875580144502844,0.12860359326004983
ple,24,3,2.869206930037647,1.1064695099989572,0.13277411993428057,0.12566080618028838,0.1315116391289242
ple,24,4,1.049956789216219,0.872860581924518,0.12225753624613087,0.12809669809260715,0.08601386287870506
ple,24,5,1.0621517503279305,17.128106836415828,0.13456446538330055,0.10980135581436722,0.14580524675693596
ple,24,6,0.9353972744882211,0.9776734618780514,0.1421065445523709,0.1005763689657518,0.150966690267281
ple,24,7,0.9859556142104021,0.9685764850738148,0.118581978965085,0.10581911258244266,0.13491307572306444
ple,24,8,1.4990072072380118,0.7720352053331833,0.12470001068431884,0.10572138052278508,0.13826686662590268
ple,24,9,1.065308449371341,0.8893854366615415,0.08568114591762424,0.07884362149052322,0.11945611370513992
ple,24,10,1.181206819318634,1.064608058705926,0.11497533554211259,0.10537654108678302,0.1301389456881831
ple,24,11,1.6877470654472413,1.036296180014809,0.11046320439005891,0.10229849840397946,0.13540118921858568
ple,24,12,1.02610591731389,0.9475684128701687,0.12108568171291458,0.11230974897431831,0.13350554344354654
ple,24,13,0.8524084682317657,0.8723218633482853,0.11221294889692217,0.09641507034345219,0.11197850431587236
ple,24,14,0.9567968465594782,0.9214323861524463,0.11371298810311904,0.09843854134281477,0.12931444169953465
ple,24,15,0.6533896774321514,0.876185636377583,0.1084026515755492,0.09890165460916857,0.12371987072983756
ple,24,16,1.0213880839624576,1.2974103675534328,0.11349522863359501,0.10131024299189448,0.11495169595970461
ple,25,1,1.1400622134170835,0.8142166969676813,0.10589010765931259,0.0959727432151946,0.1355635231845857
ple,25,2,0.8925969335176642,1.534871316018204,0.13530469184430938,0.13505779681145214,0.1238484697494035
ple,25,3,0.9890181922191192,1.0217073005934556,0.13608313065536398,0.12309878176699082,0.12432982592533032
ple,25,4,0.7103601524547215,1.455086822869877,0.13606336716329678,0.11396389765044053,0.1353687066740046
ple,25,5,0.43669959987303064,0.7445675678551197,0.1247402859114421,0.0940877224561215,0.1293339407692353
ple,25,6,0.4332116553208806,1.0977113267794871,0.136713718304721,0.10704128920624498,0.13673220757045784
ple,25,7,0.23696905533674115,1.1897472653227548,0.12581761141773312,0.10383843008409409,0.12384904575689386
ple,25,8,0.25038130490279326,1.3808141991185645,0.13286008642365535,0.10161996107684293,0.13361380384303628
ple,25,9,0.20162403212256438,1.263809099374339,0.13644666783123588,0.1132316928046445,0.1379767360088105
ple,25,10,0.19058833665876013,1.1868703423067928,0.13841015254923453,0.10736840654071785,0.13780485394721229
ple,25,11,0.1905636685805225,1.125697516122212,0.1404119176324457,0.1095758877209543,0.13913800518300073
ple,25,12,0.13084866311992444,1.198433887027204,0.14215872589265927,0.1064244358218275,0.14073964234024364
ple,25,13,0.12625683624424883,1.1721730989404022,0.1451392589447399,0.11134552716782006,0.14385329633951188
ple,25,14,0.09348288476873662,1.143938814724485,0.14405963059204321,0.11330752745076704,0.1416652855463326
ple,26,1,1.6010519360739088,1.5036913772424063,0.11221778842397422,0.1057510588822576,0.13577155835616092
ple,26,2,1.3838656547937602,1.2116089046001435,0.13315656110644342,0.10309380635153502,0.13395766278263183
ple,26,3,1.1302902256138623,1.5681037212411562,0.13883515240546937,0.11197483912110329,0.1385537722148001
ple,26,4,0.7075421996691841,1.8646750330924988,0.13463918480556458,0.11168400891062144,0.13383070416748524
ple,26,5,0.9300006313197728,2.3516857096304498,0.134495889612784,0.1219198220099012,0.13125578417869596
ple,26,6,0.6306929304241388,2.264262356981635,0.1393099495753025,0.12762907831153522,0.13337675259729925
ple,26,7,0.7855904152956865,1.9038532013694445,0.1343666659706893,0.12912647410606345,0.1299648938079675
ple,26,8,0.4425061991907627,1.3911032006144524,0.13552013035320368,0.132275803546266,0.12858150200142215
ple,26,9,0.5195921076949508,2.0005696516484024,0.1346641589945648,0.1290900803753175,0.12727526907789677
ple,26,10,0.47756531769557603,1.5273750497028231,0.12956016168463974,0.12212040875068245,0.12474905005656182
ple,26,11,0.30060017247229726,2.3985889497523507,0.12081965575926006,0.12677524299360812,0.1128329841264834
ple,26,12,0.5461378743805524,1.989511616807431,0.1189195360794353,0.10398340105311946,0.11552664166568623
ple,26,13,0.3566059776436767,1.9274467542457083,0.12387527738076945,0.1154792928408521,0.11794399843201972
ple,26,14,0.4908404923081102,1.7462993800640105,0.12427384006635596,0.10566148333916013,0.12162036356360963
ple,26,15,0.19994291807511,1.6830299584039798,0.12402022475531946,0.09906211429430793,0.12185283140909936
ple,26,16,0.3992151445339596,1.7013085433126738,0.1200765456383427,0.09680048076625099,0.11864665280251453
ple,27,1,0.9901358488769758,0.7813385605812073,0.12229828010313212,0.11584877382750468,0.13926367930835112
ple,27,2,0.9620437255676185,1.2009351126849652,0.10912354270306726,0.1097494542831555,0.09629286124448602
ple,27,3,0.7153682063466736,1.0278862279529373,0.12818491793392847,0.1267743794557949,0.11431681806376824
ple,27,4,0.6940538480698634,1.5940663093080123,0.1286853416832552,0.10908877753342192,0.12609191435622052
ple,27,5,0.6721521741304074,0.792238325253129,0.12850623552997906,0.10617544689836601,0.1222427939530462
ple,27,6,0.875618351608633,1.374508410692215,0.11240816658440357,0.11202586887908789,0.1061507660895586
ple,28,1,1.8078830252357183,1.2655563240249952,0.13932424218704303,0.12310374257115958,0.13404533445912722
ple,28,2,1.0609517704902425,0.8684322570761045,0.14136250582523643,0.12911077472381294,0.13504698597826065
ple,28,3,0.9894790129943026,0.8934455494085948,0.14888293286785484,0.10974303463105267,0.14852618530470257
ple,28,4,0.8716885131111162,1.3758995891859134,0.14222600529901683,0.11584646298918717,0.14098565267631785
ple,28,5,0.9995581892500114,1.3965311234196027,0.15187043810728937,0.1210512433356295,0.15040365926300486
ple,28,6,0.7746971718147434,2.321916784788482,0.13684844280942343,0.10756740384579946,0.13706774046877399
ple,28,7,0.747098204709353,0.9772769886379441,0.1275960197361807,0.10645458752599855,0.13708973963124058
ple,28,8,0.7217378816234746,1.3855323493480682,0.13847586508297052,0.08725909715673576,0.14552906930912285
ple,28,9,0.6911758912037984,2.0263316690921784,0.13925968556044002,0.09493051593502362,0.14313436018613476
ple,28,10,0.7402135277451534,1.3065469635029634,0.13747583637014033,0.10453087146161125,0.14065392637470117
ple,28,11,0.71258881899883,1.7657511693735917,0.1419710860582806,0.12250905742306108,0.14181563116047377
ple,28,12,0.46411461340695886,2.2077613922456902,0.14976750395726413,0.12840776381878338,0.15250932557974012
ple,28,13,0.9500231570120723,1.703847063332796,0.1445047857084622,0.10359999005740975,0.143693061103113
ple,28,14,0.6382314212646129,1.2498890131401519,0.14929239133683345,0.12769832895913472,0.1472767083051925
ple,28,15,0.46960518400864826,1.0401004117913544,0.14865833653214697,0.1175482618016152,0.14927900908126807
ple,29,1,1.1641738522088243,1.0509221161405244,0.1292150801125293,0.1120928687082293,0.12223507671927412
ple,29,2,1.3840142697509792,1.8792349857588608,0.0997836587484926,0.11885120427092867,0.09620001156096501
ple,29,3,1.6572048938463604,1.8597987746198972,-0.05759773935036113,0.12868199756000345,-0.06588768396375902
ple,29,4,1.8858612567659407,2.0507528016964596,-0.056137364458603164,0.10946146058461939,-0.06588768396375902
ple,29,5,2.129837826603935,1.9882914821306865,-0.05331483876410251,0.11017724150442518,-0.06588768396375902
ple,29,6,1.9795792902272844,2.1125350813070933,-0.05109134706047674,0.08916977053740993,-0.06588768396375902
ple,30,1,1.2433526209659047,0.9014274838070074,0.1274368637241423,0.09580018235137686,0.1372673341849198
ple,30,2,1.7578005366884764,0.9789550634721915,0.13316799317253752,0.1194232482695952,0.13140871251622835
ple,30,3,1.582930826349184,1.0510256900762518,0.1483271919656545,0.12723664948134683,0.1483939006808214
ple,30,4,0.9282205390137812,0.8232903478046258,0.12392840714892372,0.1002277992044886,0.12906846993525203
ple,30,5,0.7739446989633882,0.8999074635406336,0.1263856691153099,0.11249156369206806,0.12300145870540291
ple,30,6,0.8456765891437138,0.9896465700119734,0.1271645981731126,0.11472259857109748,0.12009298361760254
ple,30,7,0.538937182398513,0.9419815178960562,0.15172333937274138,0.12170990248171923,0.147856437661297
ple,30,8,0.6090488696345202,0.735008964377145,0.14308847691087673,0.11879945648058007,0.1447739663301036
ple,30,9,0.4044776593029152,1.1003661890203753,0.13200136834057047,0.11714813583239447,0.13059859757001202
ple,30,10,1.4258320372152542,1.0291512455791234,0.11754083504589895,0.1045863864031465,0.11337060850734512
ple,30,11,1.4558261509703856,0.8506453947474559,0.10267777354844536,0.10921890924995144,0.08696987186558544
ple,30,12,1.1108263208316491,1.9029434565454721,0.11887473491175721,0.11644936110824347,0.1023533950947846
ple,30,13,0.7885909298035715,0.7443776555359364,0.09703342923506474,0.0985076432931237,0.09232092417417638
ple,30,14,0.6521082770703952,0.7463138431310654,0.12842083398330337,0.1167981252404085,0.12092958271969109
ple,30,15,0.5458895464761309,0.7040862698728839,0.13339220882238198,0.11311471758720776,0.12703586217636864
ple,30,16,0.30920181467266206,0.7939255929241578,0.13553379951044917,0.1074953958663779,0.1285313397180289
ple,30,17,0.28595267086278736,0.6703504807315767,0.13588389831905565,0.11130374323111028,0.13371041316228607
ple,30,18,0.2549086863254493,0.8428356022263567,0.14246552189967285,0.11049991747519622,0.14106724004571636
ple,30,19,0.2620299030511108,0.7420487431188424,0.13963084556162358,0.11506682437029667,0.1369605255080387
ple,30,20,0.28291421966388863,0.7394049792240064,0.13290193066156158,0.10956514709784339,0.1309188311143468
ple,30,21,0.20214846283315205,0.642404179709653,0.13802967378869652,0.1076835893948252,0.1369468266920497
ple,30,22,0.19608861555845203,0.7722410957639416,0.13095607875535886,0.1106446812589032,0.1303637208417058
ple,30,23,0.14886746782068502,0.7896510903723538,0.12984951737647255,0.11585148900436858,0.1281396971317008
ple,30,24,0.1739627556347668,0.8257456584523122,0.13469923879796017,0.11506316579858927,0.13411397098291974
ple,30,25,0.2205718428655047,0.8396061943223079,0.12821439512384433,0.11681762587104458,0.12628774189312633
ple,30,26,0.16774466709651437,0.7449729519740989,0.1272891138816097,0.11563277559083265,0.1251996152413388
ple,30,27,0.1652876628712485,0.8561608789333452,0.12925373929513928,0.11775868953263853,0.12832967569799317
ple,30,28,0.13755463043251814,0.8359994318336248,0.129506126412889,0.11879203144926578,0.1283542770232695
ple,30,29,0.09684431915576126,0.8779568430036306,0.11639795443431164,0.11774236210912932,0.11503042020267458
ple,31,1,1.595487060069683,2.2858162986425064,0.13218853025852392,0.12852549866074697,0.12336015423449377
ple,31,2,1.7336446855897232,2.6455952803293865,0.0590852637134958,0.08829239800882836,0.056659733017052835
ple,31,3,1.8691021308066353,6.2909185176094375,0.05972461966642489,0.11114695951885854,0.04610513188526966
ple,31,4,1.9260322584046259,3.188133109609286,0.05819652490317821,0.08161123689302864,0.04028240777552128
ple,31,5,1.9905958719669827,4.666177735229334,0.009087614497790735,-0.09565732927100422,0.04028240777552128
ple,31,6,2.1440636075678325,3.4254060049851733,0.009675839465732377,-0.09206317278246084,0.04028240777552128
ple,32,1,1.1018854385862749,0.7631328567862511,0.13722631762890766,0.11326023704750696,0.13738948381505905
ple,32,2,1.2811919804662466,0.6617575115213792,0.13205579021790376,0.12869669976256168,0.12388290899495284
ple,32,3,0.8805317907697625,1.0401064450542132,0.12239169632084668,0.1216977998536701,0.11764896846143529
ple,32,4,0.9895224078883609,1.0298498084147771,0.12293538421702882,0.11617832462652586,0.11560572483382808
ple,32,5,0.7831642444740744,1.2638946587219835,0.11737748168525286,0.08959531795917428,0.11560052600495206
ple,32,6,0.9045575143351766,0.869890215076642,0.13263428029604257,0.09849478574081634,0.1354641171094651
ple,32,7,0.5134637523959908,1.00134115430216,0.12558342879638076,0.08202301532340546,0.1276511003258444
ple,32,8,0.44700072041993577,1.2037309752777219,0.12489321343212699,0.10287356046804537,0.12285455480062714
ple,32,9,0.32051159061735407,0.7022085956918697,0.11257670382207531,0.10667728583794087,0.11327966296424469
ple,32,10,0.3432878893947909,1.0118004656707247,0.12250605785908798,0.09703420444857329,0.12057959012066324
ple,32,11,0.3242304612445185,1.8740386391989887,0.14278997424213838,0.10430156440318873,0.14286004062741994
ple,32,12,0.2831236907864906,1.0233388173083464,0.135361052552859,0.12050236773987612,0.13227153805686007
ple,32,13,0.35872872141079004,0.9633984113267312,0.10324932324389617,0.09909317291458138,0.10140440688313296
ple,32,14,0.2700953352909964,1.2054632202722133,0.12564670853316784,0.11395648969337344,0.12414856516988948
ple,32,15,0.1983097940184442,1.0617101670708506,0.1280994706787169,0.10303599525553485,0.1277567973146991
ple,32,16,0.144128359120851,1.1466987273966274,0.1264394915177642,0.10054527043054501,0.1261566013895693
ple,32,17,0.13422943191974246,1.0042003436634939,0.1223868654439381,0.09859428806230426,0.12217879980647316
ple,33,1,1.2457203140689268,1.1217093120018642,0.13612226210534573,0.12015680390953397,0.13005458407569676
ple,33,2,0.9596722638677984,0.9875294115394354,0.15086634401620055,0.12129638811262945,0.149607677385211
ple,33,3,0.828569649689136,1.0135025951390466,0.14084163261577487,0.13125641624986503,0.13177359417701762
ple,33,4,0.5903413675111969,1.2321776170283556,0.1508857355841125,0.11100564860535087,0.1492363860209783
ple,33,5,0.774385353709231,1.8137873982389767,0.13773370751878247,0.12504927429836243,0.13210640493780373
ple,33,6,0.49834760871072786,1.4078107595443725,0.1133028422036053,0.10767459734342992,0.1113848003015543
ple,33,7,0.39517728139513303,1.3499134737377365,0.14410723019197272,0.09498726894962602,0.14512411640122688
ple,33,8,0.4952892536599566,1.6007899757474662,0.1443100879987469,0.09591867302466804,0.1485035195335513
ple,33,9,0.47826324316528845,1.6485788453370334,0.14412356442189775,0.10662476042440781,0.14709140353443217
ple,33,10,0.4214148529831113,1.219329971758028,0.12746429936184236,0.09759818072974061,0.12689866879178832
ple,33,11,0.33760315899382387,1.602118391916156,0.12131691833880419,0.09362153264616306,0.12822127409550982
ple,33,12,0.4429807031808037,1.507396391282479,0.13912010798230767,0.12057314778212458,0.13925005607306956
ple,33,13,0.45654603154657203,1.2856730759919932,0.14307311258744448,0.12286559146014042,0.14055331535637378
ple,33,14,0.43329465679550866,1.534547127659122,0.12138242814107798,0.103135388691832,0.12035760453048473
ple,33,15,0.281311005510072,1.6695315953344108,0.11954222458104292,0.09643597250105813,0.12012357301233957
ple,33,16,0.2245179249097534,1.643848618430396,0.12612863667309285,0.09418301672873591,0.12613575027013818
ple,33,17,0.1612066214854297,1.5471503718445698,0.1286281800828874,0.09344222509146978,0.12944131431910744
ple,33,18,0.15049483145897588,1.4948406727363666,0.12138668041055402,0.0953234166780021,0.12225910446917017
ple,34,1,0.9688433428841924,1.0236565278222163,0.1397401447892965,0.12559567271576574,0.13641289481893182
ple,34,2,0.9643887416090048,1.0357314205418031,0.13836047559355696,0.12576294860336928,0.13253873298914792
ple,34,3,0.6879344412498916,1.7068111655612788,0.11881885472685098,0.06063183836328487,0.1250249928057504
ple,34,4,0.7388159381983329,1.3734958594664932,0.12787579685294378,0.11260239023249596,0.12480572941713035
ple,34,5,1.2918509636480835,1.2572885183927913,0.1307097304845229,0.09756839593173935,0.13190641640200435
ple,34,6,0.9383397332821337,1.0806952819228173,0.1285748402122408,0.10498778424807824,0.11850987048819661
ple,34,7,0.7156374124728794,1.4321893055302402,0.12305239253910258,0.10846367502041782,0.12077929930528626
ple,34,8,0.8552286555992424,1.9128368590027094,0.12791458105008738,0.1252422037612026,0.11033879001624883
ple,34,9,1.0929788000297747,1.6869393947844704,0.1234373301869103,0.09001490611893435,0.13040667221260568
ple,34,10,0.8660029827936789,2.6921868368362385,0.12111392811251183,0.11114106469059,0.11304635868097344
ple,34,11,0.6808145246875014,2.4263726813718676,0.12088133520446717,0.10771192962614198,0.1132223467187335
ple,34,12,0.6136679361123474,1.0646385202184319,0.1361039230444779,0.12128780335964014,0.12818374466151
ple,34,13,0.5222821474067926,4.661440086442356,0.12634241967073953,0.11419894789578393,0.11295202010466407
ple,34,14,0.48843352299826664,1.205546740318338,0.13497436035686405,0.1225421361780415,0.13042849730700254
ple,34,15,0.4723811355901749,1.559913631916667,0.14017921609338374,0.12891940697251508,0.12974793333560228
ple,34,16,0.47802363074890947,1.2583630182469885,0.14937585004178497,0.13024289639821898,0.1435008344318097
ple,34,17,0.45452425708035227,1.3067317840953667,0.142653566521282,0.13115158979974997,0.13020911415417988
ple,34,18,0.6165546372732413,1.773211388134708,0.12069612368165204,0.1028965334679621,0.12000115050468593
ple,34,19,0.32864703336085693,1.0871702840163684,0.13546425001695753,0.12282128872660299,0.1321121590367208
ple,34,20,0.2633522030433625,1.409563422963644,0.1325264720246196,0.11589853814803064,0.13247807612642645
ple,35,1,1.0716828951050366,0.8157071376840274,0.1101760735483064,0.09858758596332298,0.1387401356558257
ple,35,2,0.7184094340200462,0.9945815486212571,0.14052653410666002,0.10106798916434248,0.14026042889260376
ple,35,3,0.7342454204779296,0.9197791052361329,0.14819234853882032,0.1226649492746219,0.14432497253874316
ple,35,4,0.7003975987789177,1.0578622785707315,0.1431031064382599,0.1186478117092823,0.14072486959824648
ple,35,5,0.45854057884582927,1.0282511365910372,0.15117353092840252,0.13084818732325706,0.1486894307124506
ple,35,6,0.5689030487888626,1.0134900111394625,0.1491648474164928,0.13102802709909156,0.144669631922928
ple,35,7,0.4296757960433347,1.1481626864522696,0.14328208486549557,0.11726672703516669,0.14138021615799518
ple,35,8,0.25039498865607174,0.9617458458834638,0.14969570079410915,0.12346526437904685,0.14800490443594755
ple,35,9,0.30866865414409117,0.9920480384801825,0.14740286297164856,0.11233146752674657,0.146723045509619
ple,35,10,0.3189750327673253,1.012100024598961,0.15015824381262063,0.11438300568746247,0.14874449005098236
ple,35,11,0.22869306245249593,0.9853427413540582,0.14135619410468886,0.10812018883880228,0.1381145833681027
ple,35,12,0.25561225643780616,0.9700654222629964,0.1387872960185632,0.12024903330408658,0.13325312949406604
ple,35,13,0.17116611512629168,1.0253834111926456,0.14333449862897396,0.09901494158111745,0.14266163525171577
ple,35,14,0.18308816341284131,1.0689262920369704,0.1452689950199177,0.11104089340175657,0.14293012941877048
ple,35,15,0.13419989086151685,1.0470358653614917,0.1473071366538837,0.11408837858277063,0.14389162456694368
ple,35,16,0.1280731002565488,1.0147916277249653,0.14702297945526274,0.11500981183198747,0.14476002285373396
ple,36,1,1.0437568216658537,1.1557437725365163,0.13147530992282555,0.12840737353544682,0.11808236883953213
ple,36,2,1.256650946605655,1.2734197818984587,0.12057128720528756,0.11328544916735457,0.11582796955481171
ple,36,3,0.9505372584597873,1.399909527723988,0.13320019396875674,0.12334889768778036,0.1313491957417379
ple,36,4,1.0987540746795101,0.993274224549532,0.1199971368536353,0.11533711837837472,0.10680502974428237
ple,36,5,1.0402246568876776,1.6118534234662851,0.08219574554047236,0.12408040382627708,0.06408024611882865
ple,36,6,2.6369653934675696,1.9375255934894084,-0.020983149216044696,0.1170711353343601,-0.0222982486137577
ple,36,7,1.8671945305060713,1.4880871733029684,0.10396936645071643,0.10458566708839498,0.10240705704782158
ple,36,8,1.8056049368211202,1.468701246070365,0.09370113875872145,0.0980028315660699,0.09180810894661894
ple,36,9,1.7080213473666281,0.9825896225248774,0.10162437556039852,0.08938964369396368,0.10021043315452213
ple,36,10,2.014022894284969,3.9990550918504595,0.10194009441571932,-0.0191866113358022,0.10195029536650206
ple,36,11,1.9817798573667893,2.020028354537984,0.09656419825623744,0.0769730621771771,0.09544460660157104
ple,36,12,2.045853023358162,2.0616133181999126,0.08382381262102474,0.07215715836112697,0.08248084811493754
ple,36,13,2.2463537055346747,4.162983008225759,0.08583891421585577,0.03920495587711533,0.08489044848635482
ple,36,14,2.1843646127168856,2.694029714539647,0.08457011616555973,0.07705326086531082,0.08301197084219894
ple,36,15,2.0033380622192034,1.8407343382636705,0.08873085458399146,0.07358077966297666,0.0852288350094265
ple,36,16,1.922150421070881,2.426530327151219,0.0901807103655301,0.0770263372309273,0.08585488026534828
ple,36,17,1.6687481862988087,2.3368007093667984,0.08777456776006147,0.09726424507486324,0.08499134869586365
ple,37,1,1.2459060543379377,1.8895593802134196,0.11761709669566092,0.10679226754388461,0.11539889098494313
ple,37,2,1.1738053830017128,2.06668589245528,0.113919653572763,0.12636222652411863,0.09558901452013137
ple,37,3,1.260471885705123,1.5462791819125414,0.12096617773640901,0.1473020689561963,0.08013531346126304
ple,37,4,1.9942960994399435,2.238942257066568,0.029948955813112358,0.0794841808732599,0.025027004691461723
ple,37,5,2.286343827725403,3.496419829130173,0.1384104285078744,0.0977456722932402,0.13500680983997881
ple,37,6,2.0356049616100442,2.085892311235269,0.12151283491208839,0.09443715979966025,0.12353644059039652
ple,37,7,2.223853769216923,2.3379457630217075,0.11146434571516389,0.03895069145170661,0.1135498939432485
ple,37,8,2.0747530659926787,5.973494246850411,0.117577252612197,0.0563331345290256,0.11970060142145182
ple,37,9,2.251517322594448,1.7836897527178128,0.12142816350678913,0.0480513254966354,0.12335937597478429
ple,37,10,2.545362428351793,1.932759629189968,0.11929618726329257,0.07347180993140985,0.1181879896360139
ple,37,11,2.0631941453080684,1.8795788660645485,0.1069509642237487,0.023992864013416694,0.11616004251797372
ple,37,12,2.0031628174973384,2.0578589608271916,0.07680557916658776,0.018539829806347066,0.11211428576692319
ple,37,13,2.059587717588459,2.2645960027972856,0.11730882147870338,0.07858281606459058,0.11652240220379705
ple,37,14,2.122861551483058,2.210902115702629,0.1181519003623786,0.05064458357713496,0.12035590990756949
ple,37,15,1.8884620390054474,1.8896789317329725,0.12476595960712682,0.06801596520817839,0.122704900833196
ple,37,16,2.1926419269330504,1.9307541916767756,0.12319640823407099,0.049113743228372184,0.12092043322433407
ple,37,17,1.8527628241387744,2.33801748752594,0.12621610987747164,0.047512267731751004,0.12158581582825718
ple,38,1,1.0562241754627653,1.304629360884428,0.11802618441482385,0.12026651633204892,0.11603919526872536
ple,38,2,0.7031706896063591,1.3340781879921755,0.1436270079497869,0.11200483840269347,0.1412090483509625
ple,38,3,0.8855764155778738,1.556723802164197,0.13631122602382675,0.09497477746335789,0.13442062952672132
ple,38,4,1.2423180019009918,1.5205892384052277,0.021589741258261106,0.06731115560978651,0.005486631905660034
ple,38,5,1.4702112217034613,1.5313375383615493,0.10286923748426488,0.11972692281318208,0.05099711227230728
ple,38,6,1.3937477814772772,1.3766026590019464,0.08728549446289738,0.13576278962815802,0.052869522616189595
ple,38,7,1.3785505450907207,1.1794594736148913,0.08788233004888753,0.1208412028499879,0.052869522616189595
ple,38,8,1.3845791107132321,1.2795120167235534,0.08041994517407147,0.10744178312597796,0.052869522616189595
ple,38,9,1.3583004739549425,1.8167269808550677,0.08470724623184651,0.10800917595624923,0.052869522616189595
ple,38,10,1.3512227227763525,1.1199185291926066,0.10317967204512873,0.11382827032745506,0.052869522616189595
ple,38,11,1.3626596728960674,1.3844866196314494,0.08387842032437523,0.11260111074661835,0.052869522616189595
ple,38,12,1.3647607825105152,1.1715086228524645,0.0781950865755789,0.10891859833573107,0.052869522616189595
ple,38,13,1.3603429642934648,1.2102869557837646,0.07870369282124254,0.11654515989794163,0.052869522616189595
ple,38,14,1.3597952311947232,1.2571866565694412,0.09825502827685947,0.1203406202645662,0.052869522616189595
ple,38,15,1.3529084339028312,1.3604402039200068,0.1070012101525208,0.1211855768924579,0.052869522616189595
ple,38,16,1.3684582539967127,1.3239005722105504,0.07374567526082197,0.09144307839063306,0.052869522616189595
ple,38,17,1.3588021222561124,1.2648494032522042,0.07637984529040599,0.10544513670999246,0.052869522616189595
ple,38,18,1.3727348073134347,1.318882005661726,0.0827277185744606,0.10754508697039758,0.052869522616189595
ple,39,1,0.9846849597635723,1.0377324404815833,0.1332974273643534,0.13077863273210824,0.14604591226864916
ple,39,2,1.0751952112778016,1.021451573446393,0.13458407432772218,0.11419191420233497,0.14422478616858522
ple,39,3,0.6230896722214917,0.9246692017962536,0.13081706798402593,0.09271108444275646,0.14154691102836903
ple,39,4,0.9063137145980912,1.9618167406258484,0.13632517711181816,0.1051481016833956,0.1401882057931895
ple,39,5,0.6241644191673942,2.062802649413546,0.12491171208384913,0.11557154216182729,0.13234512453976396
ple,39,6,0.6342032105709973,4.847711976151913,0.12649416578788078,0.10576230159689051,0.12487026010009382
ple,39,7,0.5073239229312758,2.1510895981453357,0.1386385224973007,0.12269352150518292,0.13384939255192876
ple,39,8,0.4406832495329177,1.6543160458405812,0.1356744132974806,0.11136946455226279,0.13500452673373123
ple,39,9,0.4592412749179713,1.5341695765188585,0.1389741367951501,0.1007378749762817,0.13954443629578842
ple,39,10,0.5106229357059218,1.142669390514493,0.14191285568522288,0.11886534239941587,0.13933046753615297
ple,39,11,0.28912649024277925,1.6656105222025266,0.13709188560023905,0.11304932911880314,0.1364233353252833
ple,39,12,0.2815878146775215,1.5353664179642996,0.13858068080929417,0.1075623452818642,0.1369582715521877
ple,39,13,0.2584788583344706,1.6613195693741243,0.13980765335727482,0.12891609959769995,0.1320508239635577
ple,39,14,0.2976643890835389,1.8070556523278356,0.13796432641102002,0.12269868419195215,0.13421368073516834
ple,39,15,0.320205037560155,1.5326675489234427,0.13505058035564918,0.12804022551475402,0.13120376693550498
ple,39,16,0.4206328730381626,1.9906108444556594,0.14041738438148363,0.12297784098579238,0.1379238202838072
ple,39,17,0.23725594915341058,1.8788690816611051,0.1391127588402014,0.12309325950500352,0.1350217378892315
ple,39,18,0.17847346960999338,2.043678944619993,0.14043596360133961,0.11446587619987743,0.13852751056353252
ple,40,1,1.217072227053226,1.156859008471171,0.11298676986868182,0.11109749333312115,0.11940974186485012
ple,40,2,0.9511773600464776,1.0630227172126372,0.13554588509723545,0.11779761635213314,0.13210771597611407
ple,40,3,0.7769187713219297,1.0240171213944753,0.139766148935693,0.11029728527822348,0.13685405177529902
ple,40,4,0.8071222030631606,1.0175678312778473,0.1395855418406427,0.11088031279893282,0.13754294031920533
ple,40,5,0.48235491091858534,0.9552533067762852,0.1289139734581113,0.11517476629232988,0.12525434618971001
ple,40,6,0.3964037777937298,0.8495525461932023,0.1344544637094562,0.11135332002983583,0.13314822998751577
ple,40,7,0.3951888809734512,1.581729520112276,0.1290541722206399,0.10397781631521259,0.12781801774787407
ple,40,8,0.28363614466174375,1.0208246979862452,0.13688469785265625,0.09658454432113407,0.13725466962593297
ple,40,9,0.2394786343950453,0.868717743208011,0.12914157945779153,0.11252236445701176,0.12732937479158862
ple,40,10,0.31313733402953764,1.0833493457486232,0.1308145139327583,0.10930583725081912,0.12897442094993797
ple,40,11,0.21594852974845302,1.8742721021175384,0.13203709298589578,0.11300196017837152,0.1290592575588865
ple,40,12,0.23033755748451407,0.8995432201772928,0.13515453243162484,0.12826331125785753,0.13060969924554228
ple,40,13,0.18689779677088297,1.4925424188375473,0.13534937079214918,0.13033055549215836,0.1299324808215412
ple,40,14,0.1332039166914506,1.6821012068539858,0.13405291774931052,0.12994479061259578,0.12794036821190577
ple,41,1,1.2336537555333167,1.1792083223660788,0.11297934126729767,0.11193729956673147,0.0709326632398491
ple,41,2,0.983700415799542,0.7920453409353893,0.1294993716350291,0.104449577331737,0.12482161455166836
ple,41,3,0.9355939199467973,0.7890031997735302,0.13392369555852687,0.11450803010957315,0.13045854482334107
ple,41,4,0.9389612954996881,0.8211654294282198,0.13901142685984572,0.099194551530915,0.1382269601454027
ple,41,5,0.8456648363923979,0.8496536545455455,0.13401124647158819,0.09166238682616192,0.1345870033837855
ple,41,6,0.8340095313753755,1.3103645090013742,0.12902196041929226,0.09077782860064569,0.1278724421747029
ple,41,7,0.7418890966782494,0.7749177830914656,0.1365984220833828,0.08465350427043934,0.13920418464113027
ple,41,8,0.7228527358836598,1.1032107885926963,0.13026351730416838,0.09304675697543037,0.12953665987588464
ple,41,9,0.5820500508268615,1.0010440559436877,0.12729342409875244,0.08425114353109772,0.127447150379885
ple,41,10,0.3620297587254927,0.9496564598133167,0.1311302389173458,0.09666041346887748,0.13096891989310583
ple,41,11,0.4384263893238284,1.3344490800052882,0.1363344185054302,0.09171098996885121,0.13573990789397308
ple,41,12,0.34992294864255996,1.4864823429534832,0.1424483348382637,0.10994786020019091,0.13901555329406012
ple,41,13,0.27741954761320753,1.4968191360433896,0.1432604810455814,0.11152380882995203,0.1429408058989793
ple,41,14,0.20153902403618548,0.8252822463711103,0.13754162775585427,0.11588158716331236,0.13537338884392133
ple,41,15,0.17350991355950043,1.5415851641446352,0.14363909191451968,0.11915918201363335,0.14102713356842286
ple,42,1,1.225133770396785,1.1808095812797545,0.11258555703777044,0.10915405203122645,0.11441751249755422
ple,42,2,0.9809191769343757,0.7612187994023164,0.13262489408565065,0.09477908321035405,0.12913763408432716
ple,42,3,1.0540927941097864,0.7565190269301335,0.13188758143411786,0.08573553806054406,0.13134852189881105
ple,42,4,0.7478959290162911,0.8903869695961475,0.13037976178651053,0.0895774365819913,0.13100442508390794
ple,42,5,0.5714955358647756,0.8951278230796258,0.1210817993308107,0.09514273629368593,0.12266715090566625
ple,42,6,0.3768235384412701,0.6243029446651538,0.12951935105508408,0.10229860701025852,0.13025271520018578
ple,42,7,0.36800204235912554,0.8290837167451779,0.12231470762156581,0.09591790483682416,0.12390943727417228
ple,42,8,0.3998267358956149,0.8076861596976718,0.12411222673642139,0.09282879827078432,0.12458098009228706
ple,42,9,0.3196749146759791,0.9741093288330982,0.12203210154548287,0.08933200688819246,0.12387461877806345
ple,42,10,0.22377493594669634,0.6018301700241864,0.12747607851827827,0.10068852298815424,0.12838327104303365
ple,42,11,0.24610624662120015,0.8016694793943315,0.12104526312323287,0.08698858672869392,0.12435902277162919
ple,42,12,0.20883088911114822,0.8273522470301639,0.12205807737385234,0.10038164356956258,0.12369631439602623
ple,42,13,0.27501115415038335,0.9746341465041042,0.1394651353592053,0.11348437022146148,0.14070470883355787
ple,42,14,0.17804730912884845,1.0319525598858794,0.13899063858164784,0.12060925088978063,0.13710080236196517
ple,42,15,0.190234784785259,0.7530951546505094,0.1382988370760965,0.1188695310127514,0.1367363157759731
ple,42,16,0.17982003921901601,0.8396201495391628,0.13886074816497665,0.12340116106206551,0.1365237134625204
ple,42,17,0.14127779956943992,0.8300662107765675,0.13222899804823102,0.12062519603738717,0.1278709514066577
ple,42,18,0.1257412796701482,0.9462873172946275,0.1367427661452287,0.11999320092921456,0.13386968701379373
ple,43,1,1.2596602075629764,1.2412352830171585,0.11843913229725635,0.11553631670152148,0.10114458987178902
ple,43,2,1.06725204871997,0.9593474427858989,0.13880047982092947,0.1152846202487126,0.12936772828300794
ple,43,3,0.8288388358547337,0.8892159548898538,0.13244018002102773,0.11940003050064357,0.1294191931374371
ple,43,4,0.7912452081883592,0.6793387298782666,0.14647533860212814,0.10309965054038912,0.14554715080739697
ple,43,5,0.8778796841922615,0.8994784398625294,0.14246257684426383,0.09394836780459931,0.1434391545685988
ple,43,6,0.9601832865164541,0.9667048783351978,0.14135833764836814,0.07422514080535621,0.14223652005506057
ple,43,7,0.6272871370190785,1.197189786657691,0.14185882510306935,0.09014962177413205,0.14227368618206432
ple,43,8,0.3141304398221629,1.2057924882198374,0.14137606655228108,0.09730444339414437,0.14132700393286843
ple,43,9,0.3148148096247857,1.0572225972389182,0.14420313340378926,0.09818588576357191,0.14397126819919018
ple,43,10,0.2899754873757798,0.7334712685706715,0.13822096502796435,0.09666121335855375,0.13898289264955868
ple,43,11,0.30979030499038923,0.9054727485713859,0.14160279212519528,0.10471701975135754,0.14163320848019795
ple,43,12,0.22159067069047264,1.0198104431076596,0.13796401589255158,0.1050368305897185,0.13536051808235547
ple,43,13,0.1958081468363248,1.3268795187274616,0.12482841703464752,0.11136086736805736,0.12122024899969498
ple,43,14,0.22355450526811182,0.7230464689433574,0.13859521149036785,0.10985581105342135,0.13615690927642088
ple,43,15,0.14202486573153042,0.8069853246212005,0.13975344443072876,0.11886954099463765,0.1368017325333009
ple,43,16,0.18924776410188762,0.9082759415730834,0.13693462867134562,0.12140075569429125,0.13275978937745095
ple,43,17,0.1462517441139512,1.102977033952872,0.136362696342015,0.12334704491465041,0.1307916009488205
ple,43,18,0.12745180042619478,1.109733159095049,0.14149459735490383,0.12251373705415365,0.1367753903924798
ple,43,19,0.10285157702737562,0.6298840577403705,0.13598030663173025,0.1280966274139549,0.13055721606360748
ple,43,20,0.13574924043126566,0.6779201405743758,0.12846686214519043,0.13261774166021495,0.12168023729075989
ple,43,21,0.12786066135953342,0.8937697499990463,0.13699923739089476,0.12374350215735225,0.13205801379711676
ple,43,22,0.10670493402802902,0.8459813883528113,0.13889301427019138,0.12652751260902734,0.1344422041128079
ple,43,23,0.10516567710539444,0.7111028155001501,0.13358647781424224,0.12911041687087466,0.1273953343120714
ple,43,24,0.10246982986323669,0.6415515396123131,0.13843844002888847,0.12115401234671784,0.13171800061827527
ple,43,25,0.08878679937841961,0.6769712304075559,0.13855184723700706,0.12646856853195157,0.13326116831740364
ple,43,26,0.07496567339717691,0.6392281901091337,0.13762158444151282,0.1178044635298041,0.13238155626847098
ple,43,27,0.061073689981149364,0.6256470201537013,0.13606648998878276,0.12175110330960402,0.13046652967265496
ple,43,28,0.06634541432648557,0.5907538872833054,0.1353719421410157,0.11606512885385503,0.1309148988026815
ple,43,29,0.060569336448448696,0.6218797073389093,0.13361089801959072,0.1191484697163105,0.12887526222427065
ple,43,30,0.05413279957544532,0.655540382489562,0.13932343355457608,0.11914809663624813,0.1341680671243618
ple,43,31,0.05436122610886481,0.6318342454731465,0.13733286483099316,0.11685171395462628,0.13180111263063737
ple,43,32,0.05023583801258134,0.6646258498852452,0.1407828862274376,0.11606026608108853,0.13617203662870453
ple,43,33,0.05412660689081161,0.6259665040920178,0.1429637730975325,0.12709184524913628,0.13716835782397538
ple,43,34,0.05067018524370349,0.675007151812315,0.1351068736888313,0.11760297295016547,0.13030078287702054
ple,43,35,0.04479376535782071,0.640745519598325,0.13428723956458272,0.1191717970049164,0.1291413431831946
ple,43,36,0.03817755091262774,0.6541904878802598,0.13450686597110081,0.11799612743003915,0.12927951868623494
ple,44,1,1.2074564449370853,1.1575937946637471,0.10369093715756511,0.10046687121891106,0.11650293643469922
ple,44,2,0.9870433403356444,0.9521595059583584,0.14485733689895522,0.09277603926311713,0.14639143126551063
ple,44,3,0.8500551790708587,1.1204883204152187,0.15157172769152868,0.09777563692477997,0.15204054641847808
ple,44,4,1.002479860381711,1.1083239523073039,0.1372795817112395,0.10636101370910182,0.13782390466658398
ple,44,5,0.8447922925863948,0.960148690889279,0.15020079456735402,0.10433424077449066,0.15217724374961109
ple,44,6,0.7324002808558622,0.7816313316424688,0.14099694595982631,0.11869515677293142,0.13978648803507288
ple,44,7,0.39497449916477007,0.7974422803148628,0.1510171236936003,0.12454195708657305,0.14847214377174775
ple,44,8,0.5097617295141967,0.7244979334374269,0.14689752933336422,0.12374643733201082,0.14211821604209643
ple,44,9,0.35528300839313676,0.9938587692876657,0.13917522229797516,0.11295434821901533,0.1390664296845595
ple,44,10,0.3602748945695422,1.1758664313393334,0.13953479683647554,0.10431703254968548,0.1395508486777544
ple,44,11,0.4150454737966703,1.8317537300599118,0.14783269472924682,0.11312240207723032,0.14533292211902638
ple,44,12,0.23288589947956748,1.873859712605675,0.1524346244133388,0.12019772017180609,0.14849366406463863
ple,44,13,0.2344183385970869,1.4884164469937484,0.15237813472437362,0.11010730292764492,0.1518495822014908
ple,44,14,0.20974963091846024,1.714485428854823,0.1495031522354111,0.10179834503990909,0.14900115734587113
ple,44,15,0.19490880993636517,1.7278188781657566,0.1432807510413113,0.10551854843118538,0.14340908191516064
ple,44,16,0.14286378492085663,1.6667678221361713,0.13726235063513742,0.10051647274158312,0.13746560550838088
ple,45,1,1.1009215662876766,1.0788735369841258,0.11860026659172339,0.11590164077933877,0.11643789449396233
ple,45,2,0.8351068533439603,0.9257766916727026,0.1457985016614354,0.11282108764474591,0.143601522113507
ple,45,3,0.6326954865177709,1.154008562117815,0.14778757110858956,0.10349995247718956,0.14619937588771184
ple,45,4,0.5238882794473616,1.0326935378213724,0.144556235242635,0.10507467578475674,0.14329512192246815
ple,45,5,0.46693448933018816,1.0170967900504668,0.13776741867283515,0.11483925701274227,0.1364834139860856
ple,45,6,0.5147581683057878,0.8501345147689183,0.14099143859930335,0.12670455184221888,0.13929021202105407
ple,45,7,0.3836312085678357,0.9517652256414294,0.13090881010672697,0.1265686058769158,0.12851928064289192
ple,45,8,0.24909474153352518,1.3560646127909421,0.1300775438314304,0.13529063152964227,0.1264210106940785
ple,45,9,0.2920166465475978,1.3297906576345364,0.1286232582681502,0.12700276207178832,0.12493808427049467
ple,45,10,0.35965510513836757,1.033752626180649,0.12229759873783526,0.12952269170200453,0.11854659834643826
ple,45,11,0.31471078971766736,1.1513961150000493,0.13078237705243131,0.13055663052946329,0.12718116878143823
ple,45,12,0.22755093802143597,1.8697050825382273,0.11923701384415229,0.11436506610965201,0.11627339953168606
ple,45,13,0.15866599801839107,1.4283421767254671,0.12788880026588836,0.1206635331075328,0.12418183942403023
ple,45,14,0.11439349949230543,1.264144388679415,0.1256016595560747,0.11433421804880102,0.12323312874262532
ple,46,1,1.178137461935717,1.1028015380104383,0.10550881101128956,0.0978797104054441,0.12538193411940787
ple,46,2,0.9762604898876615,1.1071487473944823,0.11248322086175903,0.09472210162008803,0.11047991438924025
ple,46,3,0.7976272771770637,0.8374334384997686,0.10553892781511726,0.10228508659638465,0.10225899393941897
ple,46,4,0.5686264826457889,1.2499545097351075,0.11871293913573026,0.0930112085402167,0.11707679241274795
ple,46,5,0.6355739275865729,1.4783447689066331,0.10224826214641022,0.09665092608192935,0.09803630784153938
ple,46,6,0.6394676291679461,1.323348655551672,0.12228027121163905,0.10849362867884338,0.11984193524112925
ple,47,1,1.2775564285970868,1.2552776217460633,0.11813942594453693,0.11612118213282277,0.11476575263853496
ple,47,2,1.0874033459122219,0.9922780707478523,0.13105228062098226,0.11190099331676416,0.13087742879676323
ple,47,3,0.8292155928081937,0.748677276323239,0.12778371778937678,0.0829670270113032,0.13436213774742403
ple,47,4,0.6435485177762097,1.0338659855226675,0.12065732388291509,0.09251420990719149,0.12123869395193955
ple,47,5,0.7985019146036061,0.8578493205209573,0.11375061340319613,0.08576363192902742,0.11113162500939021
ple,47,6,0.5357902187499262,0.6563514528175195,0.1246608106729885,0.09495392984244973,0.12568112911346058
ple,47,7,0.4663979584122047,0.6678492670257886,0.137684517033631,0.10126638172077947,0.136110684943075
ple,47,8,0.3959024748339924,0.7770284493764241,0.13792803255928449,0.101258849282749,0.13508094144053756
ple,47,9,0.27543783127256327,0.8697822881241639,0.13579625772896786,0.10694555235410613,0.13444590377839633
ple,47,10,0.3231332711284123,0.7176757500196497,0.13551776876362662,0.10853533702126393,0.13072988827091953
ple,47,11,0.23429140112628893,0.7714231613402566,0.14049572508471708,0.11712462419915634,0.1363758576878657
ple,47,12,0.27922886781420353,0.7607238921026389,0.14963798087555916,0.11907472178378763,0.14579187086977374
ple,47,13,0.16327069164992916,0.6915285884713133,0.1400806054007262,0.11232365559553728,0.1362522330755989
ple,47,14,0.19704125502741793,0.7648550625890493,0.1454469031964739,0.1124896111432463,0.14330343202066917
ple,48,1,1.1265283528537977,1.080828638871511,0.11171737810764171,0.10636250221480927,0.13964272500015795
ple,48,2,0.8253393711684833,0.7386823953439792,0.11294582650686304,0.08253848731643908,0.11393521848755578
ple,48,3,0.5692078470001145,0.9242484708627065,0.09431246580788866,0.0687826400079454,0.09602153855084908
ple,48,4,0.4951176259829293,0.7716718759387732,0.10107942563481628,0.09194687844040648,0.0978009250209046
ple,48,5,0.3389347337393297,1.2024940203875303,0.1006381230118374,0.09836922134272755,0.09626070773229004
ple,48,6,0.4945977324109879,1.0517499398440122,0.10430094525800086,0.10997543083115792,0.09338562327320687
ple,49,1,1.4770472518035345,1.4027303596337637,0.09936760677567993,0.09663311261004613,0.0951898063707631
ple,49,2,1.2223696303923453,1.058917092283567,0.1400597259402275,0.10775420118588955,0.13983282262537008
ple,49,3,0.9753761148996769,1.1682640849302213,0.13310160147278413,0.11788208771989352,0.1316375024286875
ple,49,4,0.852497568871412,1.3091513050099215,0.1531733433759655,0.13030472710573424,0.15212910619326672
ple,49,5,0.6294100109694732,1.5355915598571301,0.15840747039959144,0.13150545924824353,0.15723639248559873
ple,49,6,0.557238746301404,1.4160039169092973,0.15132990434455376,0.13180121922317387,0.1494490711018443
ple,49,7,0.37081214245260946,1.5037091275056202,0.14999601684200267,0.13419382564413052,0.14786466636384527
ple,49,8,0.35467890311136013,1.33693024062862,0.15013186223853456,0.12164603431689708,0.14829102060369526
ple,49,9,0.3484333643933669,1.5128479144225517,0.14775329143740237,0.13154031315158743,0.144933107250381
ple,49,10,0.47289568546508987,1.1972014072040718,0.14728860486745057,0.11698664817765045,0.1445363403336766
ple,49,11,0.31832112573892885,1.2448059000074863,0.15012654257783045,0.1273032863624394,0.14731550375775745
ple,49,12,0.27415334185703644,1.048660061135888,0.1593167395845133,0.12620610170221577,0.15444688112863028
ple,49,13,0.30234423449211234,1.392747596402963,0.15242545713554137,0.1393479821854271,0.14762505755449334
ple,49,14,0.22023524638054714,1.2486673721422752,0.1547522871735661,0.12464345157301675,0.14911880576983094
ple,49,15,0.20924804385036364,1.2377837088579933,0.15210409266098093,0.13115751083629826,0.1474685893044807
ple,49,16,0.26411363277454963,1.2994211475675306,0.15806137274485083,0.12031170196520785,0.15262942668050528
ple,49,17,0.2072667100301404,1.2793446922053893,0.16041431185634186,0.12722977235292396,0.15472026637968764
ple,49,18,0.1741646449428074,1.1944123613958557,0.15391682035212095,0.11993449825095012,0.14976884407333274
ple,49,19,0.14613629676658468,1.186389209702611,0.15602079932577909,0.11710477486097565,0.15112684794391196
ple,49,20,0.12442836087817948,1.153053779900074,0.15345418449336043,0.1111749812029302,0.14928342265866376
ple,50,1,1.2817228464853196,1.2525437394777934,0.11435332292555055,0.11122913572471589,0.13879108251324698
ple,50,2,1.2565634854670082,0.8474108874797821,0.125889438369389,0.09176918974456688,0.12775288979367663
ple,50,3,0.9880178006114586,1.3824374961356323,0.12479693124381204,0.08854048924210171,0.1261750638950616
ple,50,4,0.8443515109164375,1.1893324108794332,0.12658111739826078,0.10368957943283022,0.12699871610384433
ple,50,5,0.5370205196936334,1.083155671134591,0.13042810268234462,0.11649220847369482,0.1282192926776285
ple,50,6,0.5137794709760726,0.9725084960460663,0.12048410753098628,0.11561305541157102,0.11581679932035817
ple,50,7,0.502940349565405,0.7605497339740396,0.13554675337509253,0.11082747732677187,0.1344362893529857
ple,50,8,0.6126077004305516,0.7899529988567034,0.1368180865344281,0.11930277391705507,0.1353930782410316
ple,50,9,0.3652660572764626,0.7349319191028675,0.12688604917687674,0.12613532439002786,0.12082796773562829
ple,50,10,0.6030360961846623,0.6274963285153111,0.12844488817305924,0.12419742493657396,0.12225242177179704
ple,50,11,0.5469197563185829,1.302499460739394,0.11975054898454497,0.12005599354549,0.11243967730551958
ple,50,12,0.26710706773040344,0.9958924154440562,0.13737728770744675,0.11993043753512514,0.13424654848252734
ple,50,13,0.20168034192304024,0.9276781002059579,0.13055885875752818,0.10739566869257638,0.12937617381103336
ple,50,14,0.2797678769245053,0.8527344934021434,0.1264171141354988,0.12098472809144975,0.11893850545554112
ple,50,15,0.23894511997729304,0.8198537598984937,0.12864701893801492,0.11322429372230544,0.1273169967229478
ple,50,16,0.18799677319521646,0.5529583275318146,0.12670434043587495,0.11693810878593164,0.12239475905274351
ple,50,17,0.18436303354951272,0.550439408235252,0.1344190027254323,0.11834413893908884,0.13109751303369802
ple,50,18,0.1918104192766819,0.9164755772799253,0.1340578632572336,0.1069291674066335,0.13275078089597325
ple,50,19,0.1434332195613746,0.7237902405749386,0.13966256755326564,0.11253658185402553,0.1377664301233987
ple,50,20,0.15593870038061314,1.5790368216112256,0.144144408913174,0.1077885691775009,0.14314337427495047
ple,50,21,0.16727170184539217,0.7123746036241452,0.13950820605581005,0.10093792424304411,0.13961034178112944
ple,50,22,0.11779903967325235,0.7266704649974902,0.12935437890700996,0.09641579649566362,0.12918835400293271
ple,50,23,0.2407520982233109,0.8490144619407753,0.1271765894043104,0.08602513875812293,0.12763421284228874
ple,50,24,0.1278067428733237,0.7446052754918734,0.12347769167584678,0.09438793956845377,0.12356162744399626
ple,50,25,0.09093215291634099,0.8870477474915485,0.12290076542024811,0.08477343411068432,0.12423088188127925
