,intercept,be_me,ope_be,at_gr1,ret_12_1,me
1995-01-31,0.026267214473172058,0.03071763875681589,0.02442341658703453,-0.012685051422174671,0.008437168033567137,0.03228592341313352
1995-02-28,0.01647749436601023,-0.022556150314929274,0.0005438845774881141,-0.0037187026689095236,0.008924833999893477,0.007756864447829696
1995-03-31,0.02028741517241139,0.03181661747084537,0.0026654427815948054,-0.009738625510045295,0.02620716123103835,-0.010634311564702854
1995-04-30,0.012803752852139931,0.015367967383274724,-0.0029492668273328926,-0.018627745267748127,0.018092482622617118,0.02075496766654107
1995-05-31,0.04753709580080304,-0.05404120497439676,-0.036896679705413694,0.0007089314809781046,0.029222132943630328,-0.024986135504022025
1995-06-30,0.05238876201494172,-0.03289247187319294,0.0041972817463981245,0.00618083406692647,0.029203900068923656,-0.022200019426038223
1995-07-31,0.02952552960926024,-0.002692822732984781,-0.02140659120289201,-0.03260308457714239,0.027179784510258383,-0.04194231488543026
1995-08-31,0.02310396721653071,-0.005303262568048441,-0.01857888595945898,-0.01709258245856865,0.03733135959922793,-0.03142808252007208
1995-09-30,-0.04902124337664292,0.04479347919392832,0.03304860142987861,-0.007151186917317856,0.07102571416567519,0.0003197315919306208
1995-10-31,0.011300247235872406,0.021504631677258895,0.021596442847759037,0.0045308426076733155,0.047781537262346484,0.08814575356543936
1995-11-30,0.0011180519718575748,0.011626779840696343,-0.01798762947216018,-0.03024776542792669,0.05899331312716903,0.0383994469684253
1995-12-31,0.026204655240598243,-0.007006364759813625,-0.05080062430737852,-0.04723207782976076,-0.03351564474850384,-0.05550996758783188
1996-01-31,0.03200325981210123,-0.02927548291883057,-0.006747265877958543,-0.006579813185757472,-0.007068877507088626,-0.03314541929887782
1996-02-29,0.02233115040236704,0.014766142353947354,0.02015743633889783,-0.012228533973724025,-0.004692595250754003,-0.029307679709088093
1996-03-31,0.05680974803011635,-0.054635468298790756,-0.0005283426693118458,0.0006379176934180198,0.003360709880687751,-0.01660305977243834
1996-04-30,0.06000668739703269,-0.058992693633812016,-0.019423469060590972,-0.025781891619332368,0.014327136678813714,-0.11424225843252374
1996-05-31,-0.04005510320545863,0.09401167628806827,0.06079665092032095,-0.030005189923306724,0.029884025248592367,-0.01450524796424533
1996-06-30,-0.09171751075045309,0.12498508908830243,0.07521449485385413,-0.034768533854136995,0.02885845651283597,0.022952521635038612
1996-07-31,0.042086840103587354,0.0005416579143196605,-0.0007938822122028883,0.024006201361365283,0.02400954458850119,0.022501681211727877
1996-08-31,0.025867229325371156,-0.0005297132836781411,0.01802376880103829,0.015315771100447885,0.034531245385316496,0.02955011732517261
1996-09-30,-0.02827558821573264,0.10373244903180213,0.0722980040344068,-0.024029206516373466,0.07890628645512664,0.035517595437569244
1996-10-31,0.018807560839838963,0.07988186504087608,0.051466261887236374,-0.00174902718048896,0.0013339712018418759,0.073004208012609
1996-11-30,-0.010071770579866642,0.04077320939610107,0.05252427309334925,0.0064044879959896835,0.08379722492733346,0.040695856747866674
1996-12-31,0.060405667499110194,-0.016353251717740894,-0.024541427493457363,0.0020480018822848353,-0.046570615911574235,-0.10682994136041457
1997-01-31,-0.01745822416764678,0.09493711617575946,0.029744711762393527,-0.0282451022077308,0.027099655757216054,-0.004276077011675788
1997-02-28,-0.05732156620823954,0.08890401252534995,0.0656455186096311,-0.030206723458147598,0.0683454042580155,-0.005896270945999021
1997-03-31,-0.030228671168073363,0.05450323316153354,0.0579749127240766,-0.009656695023165348,0.05659470603121065,0.052551386104621456
1997-04-30,0.08539420185583942,-0.0021128240177485914,0.02673541557902037,0.049062870393565605,-0.06016201310535566,0.08515592043711222
1997-05-31,0.03784289109991689,0.02764561264271243,0.03377350819676551,0.014936026483913645,0.05252355328379907,0.011266504093499831
1997-06-30,0.0431877811517014,0.016180780285584204,0.039791447052454285,-0.0007474507032970103,0.05517609095682225,0.028527291487492973
1997-07-31,0.027603573133483213,-0.010736928517515199,0.001965741968982655,0.00442300850768195,-0.001772370211495611,-0.05990647193566161
1997-08-31,0.0790087589787414,-0.007334876428717192,-0.017929636006724217,0.018358086115843792,0.027453576666216666,-0.03038112215281428
1997-09-30,-0.02802483475964272,0.04472293663577032,0.019023805377376645,-0.013850410216538687,0.04905436957881415,-0.07420648418482155
1997-10-31,-0.028811253642101933,0.05466986383507092,0.06562220503805066,-0.018191262299128215,0.07623426373857457,0.04445290780488298
1997-11-30,-0.03369346026815836,0.0783866098869166,0.05680665283117823,0.0060326390081077265,0.14158335942925085,0.12945152484414124
1997-12-31,0.006755345545968511,0.010941662114316571,-0.011956195539991273,-0.027765490645267177,-0.05541660475753703,-0.06466715608059775
1998-01-31,0.058331679055332125,0.01085302339334784,0.020411730274634537,-0.0017091342897435943,-0.011881952296133765,0.06561545522900993
1998-02-28,0.043520378863288654,0.008266571121365668,0.0027358456616082367,-0.014774438416342725,0.03437834969130196,0.00434464928448576
1998-03-31,0.0203677335240044,-0.00026619688428436406,0.015117993639425505,-0.0143640059155123,0.0035457976920410597,-0.0498098413572242
1998-04-30,-0.04907957420930157,0.057109113296775496,0.025886115506916618,-0.03671443689076756,0.04681245536994491,-0.012799688381962581
1998-05-31,-0.035588141178649016,0.0035891010105943404,0.012704917343253304,-0.01733557053938391,0.09681201389583913,0.07893620110237191
1998-06-30,-0.061919780114313296,0.007304691809645102,0.006924763144691653,-0.03245799111152786,0.057835280534294174,-0.03285019993493924
1998-07-31,-0.2056154163330479,0.11796613998648729,0.09123411442774249,-0.054851368575651906,0.09113170146494491,0.003770885833476207
1998-08-31,0.0325896135389004,0.0033224148578924,-0.05709904025519117,0.020303771439909822,0.02149754809162494,0.11134793855779193
1998-09-30,0.02633904261133436,0.017487599697575795,0.04274612992165597,0.02315740743746528,-0.06211562633927996,0.11617483970750399
1998-10-31,0.061388022435547834,-0.07107063421902722,-0.040787119527096,-0.011625470932855238,-0.011450116489037326,-0.018531114707197576
1998-11-30,0.013272308951650623,-0.03113899740444911,-0.0006339997568407225,0.027538065063853073,0.09994801869813284,0.05982247504487337
1998-12-31,0.057060499756679914,-0.07880430815687318,-0.09475229040166501,-0.015125160622630958,-0.06348268437317256,-0.15917508739465813
1999-01-31,-0.05187172225952763,0.03167823677587879,0.007632079557794449,-0.0318284947794723,0.05560840677522397,-0.06241231932986176
1999-02-28,-0.01120211271235154,-0.0074635431571667965,-0.036933223589439484,0.013596459038829507,-0.005184791550826882,0.08467996908715007
1999-03-31,0.07401512999267516,0.0521442652516989,-0.0043224003438034056,-0.014544837031667198,-0.04292853515974846,0.06124954203127261
1999-04-30,0.025576691112186186,0.07029807740476807,0.03611632635338935,-0.0345329221252409,-0.019140188599049462,-0.0347794935467163
1999-05-31,0.033727603609063066,-0.002068629405203778,-0.010763919578578187,-0.020318979898219167,0.03396777425618105,0.046524648347152
1999-06-30,0.0021816619485666936,0.0023361193407757923,0.00412349545575238,-0.04035303105921534,0.02007120989332295,-0.07514730671178645
1999-07-31,-0.03755559497663424,0.004123637854651437,-0.012908457083445882,-0.026757104655082534,0.05545205306513684,0.002900900526229556
1999-08-31,-0.018463785555756018,-0.05432493644783242,-0.053708831443305696,-0.0019396520518390418,0.03866735042558673,-7.224242954328109e-05
1999-09-30,-0.006002615688949777,-0.03208712205188146,-0.03379723868851627,0.008589264363646576,0.06587792437160239,0.052920769977681796
1999-10-31,0.07864348357542719,-0.1491536498170693,-0.13818681630761595,0.00699202520180577,0.04160119273860455,-0.08711943211101815
1999-11-30,0.07089090342510494,-0.19149725627800307,-0.1443453048884974,-0.026073659951860378,0.04208559987934337,-0.00907257493430631
1999-12-31,0.044680312193621244,-0.12096706165086263,-0.15527160428281359,-0.07973884543636238,-0.02480716825684532,-0.24834492450311885
2000-01-31,0.10306063242543997,-0.33406732330869154,-0.24158898355905126,-0.06887525121387687,0.09390295732180402,-0.1788494013963887
2000-02-29,-0.0073559556954737836,0.15125789362000763,0.12216418365141217,-0.016663164142014728,0.013835669335530088,0.06107575462132497
2000-03-31,-0.10249170831492611,0.25977846001347477,0.2165133730436755,-0.017176748990189825,0.0025990652337849495,0.09432822805179591
2000-04-30,-0.06832462217126865,0.13554237339897016,0.15314568141614202,-0.0576345860640577,-0.009088584813426344,0.08131168472290988
2000-05-31,0.07438517190341522,-0.12089298062198005,-0.142347977397036,0.057983301079507596,0.1515542683340087,-0.021381094159735225
2000-06-30,-0.029208643256285475,0.13423570342166224,0.10271157867475121,-0.03967241414318708,0.01278061622269571,0.04474819237611562
2000-07-31,0.056740008989976345,-0.020598307742864606,-0.01779739791667834,0.000395237608173481,0.08720109064901936,0.04273684202191529
2000-08-31,-0.04711117429739475,0.06402702693875197,0.0790314387439574,-0.08112439978704791,0.08236527569835307,0.01397123318369155
2000-09-30,-0.077091760017189,0.07753134748966624,0.1469104857458651,-0.09603311828308199,0.029060305235126843,0.08241477612803694
2000-10-31,-0.13635859516998114,0.15343287422933377,0.25441658329184685,-0.14697606397814156,0.06904451895620795,0.06971243706546523
2000-11-30,-0.02266946388008988,0.11501091623806443,0.12894037239901263,-0.024924868766739074,0.15574201767190277,0.2411080185892988
2000-12-31,0.20009889566260022,0.03264182636532336,-0.11054917523339707,0.08382270118102295,-0.400026688516606,-0.23593602220885224
2001-01-31,-0.08482694498849312,0.13714556474994538,0.13752150395724597,-0.14546338289621014,0.21669631777581053,-0.05830503120624129
2001-02-28,-0.08047164373714376,0.03373899012078789,0.08507315025928311,-0.09840835808050788,0.2036001903495255,-0.052734868428386435
2001-03-31,0.06850399597195898,-0.028828786538125917,0.02625566116676301,0.07563269492846492,-0.09079943440615526,0.0736542636807157
2001-04-30,0.06208832843673009,0.03468166678704141,-0.030704397238858514,0.01138543008271077,0.04739045014312622,-0.060091726030792256
2001-05-31,0.005725620323588891,0.0003609151149759227,-2.289714987135219e-05,-0.014194844268521278,0.07366166527834928,0.015988419089510136
2001-06-30,-0.03421374535606156,0.050630714338423595,0.11937888129462082,-0.03661840397429042,0.1412175813121494,-0.0709811450635492
2001-07-31,-0.04518386247860144,0.051439746966776355,0.08050161017769923,-0.04611330009290777,0.12177261313885154,-0.03934375004829391
2001-08-31,-0.1364736144678655,-0.005333117684771018,0.031306971740492025,-0.027695870320953875,0.20266958147689457,-0.10268696495837543
2001-09-30,0.07177446303240213,-0.036471708850092384,-0.03570673912368383,0.05583808540699943,-0.12923886273239757,0.004337505798000096
2001-10-31,0.07726677147521593,0.05120565786802098,-0.022608047119245182,0.022979457882890752,-0.1341383755390562,0.1041763026699111
2001-11-30,0.059317354627655645,0.03881663480928998,0.007990911831159244,0.021524516274081987,-0.032953412436109705,0.028090260718769914
2001-12-31,0.015326139586916598,0.052263629519604914,0.08104934619226624,-0.06453874588988856,0.056251309076987326,-0.11168009987469771
2002-01-31,-0.03965515433952485,0.08429439240150148,0.10637277222403388,-8.591567815778372e-05,0.14558726102109004,-0.01273741982885365
2002-02-28,0.0767080870769662,0.048684887839820244,0.03113111291110613,-0.006661623992664352,-0.01179243994191491,0.026637712588530447
2002-03-31,-0.007233486355119852,0.11256915892085143,0.13790505560192276,0.017539181835590896,0.11750058788807209,-0.04865122571485729
2002-04-30,-0.023390057754447413,0.05294018645177524,0.08899195880303742,0.019331510888793275,0.11068837290704438,-0.05962831124499788
2002-05-31,-0.07390036929095999,0.05667583850509151,0.0654431227844741,0.021617993472399486,0.1581047450447377,0.002835136470917498
2002-06-30,-0.11917701037291979,0.030855543516853982,0.023152528242355155,0.02138650367948291,0.07101953687744199,-0.0438290106484985
2002-07-31,-0.0016772707483636317,0.03064494034407033,0.017900108706965713,0.01767209645244171,0.028544859560676508,-0.0004331024366522768
2002-08-31,-0.09028248119343064,-0.021743364253145363,0.06066354451940075,0.03772913220466359,0.1285655837566757,-0.053398791046569485
2002-09-30,0.037913094679832005,0.026676804064047002,-0.07100135080154654,-0.0073992555015753225,-0.0227572761077647,0.08607383128493125
2002-10-31,0.11768610633258249,0.07455700924072711,-0.06502007466674409,-0.052664046462652964,-0.25684236242776015,0.03242318426365051
2002-11-30,-0.05042432611113859,0.06124682107333218,0.09458287039806629,0.04110587855637763,0.1743202941068295,-0.02312807464853916
2002-12-31,0.00360080691788744,-7.756862675328158e-05,-0.0017081091711845804,-0.02601602189467196,0.013404128969926165,-0.09536496761278083
2003-01-31,-0.0258379962601848,-0.004051790751891082,0.008931623645264555,-0.011566127974085795,0.0566769755239926,-0.013883365680805098
2003-02-28,0.007441893379751509,-0.025112242971554153,-0.0033328451505898115,-0.004876562168794304,0.0252825035140708,-0.002984258579235866
2003-03-31,0.09717973389731432,0.01875258250028601,-0.041711972695354795,-0.02340780091029843,-0.1010070384366715,0.04463580949794499
2003-04-30,0.13635198151460942,-0.04947755008259259,-0.11129507677547558,-0.08004220848568798,-0.1879602857395795,-0.0511748644628079
2003-05-31,0.04952607702269858,-0.02238591898476188,0.00862754742549216,-0.002840309455343992,-0.045551064522970836,-0.10058058366476302
2003-06-30,0.07121048289264212,-0.020049760099576194,-0.02825462680318424,-0.02977964688533736,0.020514943039558205,-0.06890186949166474
2003-07-31,0.05103731045635364,0.007760104730271319,-0.019086224835606257,-0.012161760122244682,0.011017501998091853,-0.010024449043921453
2003-08-31,0.02272248301673029,-0.021589732333953164,-0.02791606548828825,-0.04797631631184155,-0.007681856927471323,-0.11365036840511906
2003-09-30,0.08442842677549381,0.02968162867888101,-0.017006269956254455,-0.02290631760272592,0.08021559473669493,0.009254517461168265
2003-10-31,0.04042365248176257,0.022904272156602845,0.016994064963808272,-0.01635334587361424,0.03853438562167707,-0.022717853042956166
2003-11-30,0.032374455432228874,0.06553108068783636,0.028789427398160337,-0.012806270199812071,-0.015746135699128503,0.0060954462085157255
2003-12-31,0.07126378777676401,-0.028564471614563332,-0.06376418019146526,-0.07847625853183339,0.03182414267723621,-0.10649873150169864
2004-01-31,0.010096392510610494,0.02699671263682898,0.04561463154244436,0.015985538912961842,-0.0035308739436137465,0.004711590603874659
2004-02-29,0.0007141671140624321,0.029805268355496697,0.03345808586659755,0.022075094067293948,0.005391527641407582,-0.021369806866941756
2004-03-31,-0.03409655215601793,0.03773112499972726,0.05217708525782682,-0.0008162861212365926,-0.054072708231503876,-0.036881115359769776
2004-04-30,-0.0019110077420839311,0.021812255632107723,0.023081020526019,0.003936595505357474,0.03952705742818783,0.058258762048271615
2004-05-31,0.024152460495854237,0.04767306232795651,0.0471477792713143,-0.005575198950883061,0.029613101537554854,0.03302741260133996
2004-06-30,-0.06340544671147041,0.08495868925152036,0.09555792928296815,0.008437121915197495,0.01672303999577592,-0.0018189636081056637
2004-07-31,-0.014986414876396235,0.030194459713641177,0.021528470820585167,-0.0008383121069038013,-0.003478109267854833,0.02305656487597424
2004-08-31,0.04424097844669197,-0.008773032423863951,-0.005822918465152335,0.029232432001323166,0.04494976920242895,-0.005921700496743785
2004-09-30,0.01769960794527524,0.007847641326125481,0.005008531739273378,0.014375511843807762,-0.00898319199305876,0.017219442855367917
2004-10-31,0.08447975191646966,0.020971919176401364,0.0047793229362982715,0.00551603748463451,-0.005419238071901159,-0.03965946566077542
2004-11-30,0.05532556899094678,-0.01685462860665239,-0.009380174901451897,-0.011947677046514605,-0.04445900970753495,-0.07085610751336066
2004-12-31,-0.035678155412257724,0.03211081402541457,0.06642342907207345,-0.0128000448805466,0.07142362823255641,-0.026867883938224313
2005-01-31,0.012625803252757209,0.027177083076714886,0.024109519912629353,0.011361030974122681,0.058580171271044645,0.0048207122170574315
2005-02-28,-0.03118895590303003,0.03941972835655324,0.0679470824018095,-0.02441081434594673,0.03107645045783922,7.658373455537277e-05
2005-03-31,-0.059071060195847035,0.016574064193057136,0.02035691222941479,-0.004496674739972685,0.03777339148064001,0.008576382633352744
2005-04-30,0.044453573332878416,-0.009116701679339069,0.0021480073508485416,0.012801642823650957,-0.002437554628182366,0.03809199558426895
2005-05-31,0.03091244592105745,0.0189342989059529,0.00042099698782735115,0.00894164430815661,0.015450469800895187,-0.003627663719355597
2005-06-30,0.059744425401252126,-0.007379731035220777,-0.013536898994996304,0.022594468054450728,-0.005311992285067041,-0.007356971850926964
2005-07-31,-0.012979077353317436,0.01580849533861405,-7.012156752862775e-05,0.002117686171697533,0.04169232788839776,-0.004591022230568483
2005-08-31,0.00600554498233465,-0.017478576588538342,-0.01754078315219318,0.0015929014948802178,0.026149057925404763,-0.004636461561460757
2005-09-30,-0.03793027478065877,0.014655608262201367,0.03414603905078479,0.005520823208394551,0.009281379927966724,0.010701913718923468
2005-10-31,0.03299142841052825,-0.0036777387772638096,0.013695528610495047,0.010708894106464648,0.0072003794795183285,0.03436000825129337
2005-11-30,0.007590459796182551,-0.008313205137086822,0.011296861298121116,0.013558769918882161,0.0019308286807585826,-0.01980334489667042
2005-12-31,0.07712456749480114,-0.05546553987189346,-0.051185735974185624,0.0050572198611281175,0.011490417104316851,-0.04030586230606762
2006-01-31,0.0019989261364885976,0.007026764396202255,0.00318838403863749,-0.024896390842982875,-0.0054258339897323695,-0.02164867334480863
2006-02-28,0.038770227264054796,-0.008763671662443321,0.00026709833270043443,-0.017822472611041296,0.03365167794624603,-0.03301068022989466
2006-03-31,0.0060160333488266235,0.022924797705391835,0.04717327897434153,0.0023243839001123113,0.02469036107186684,-0.022243866544929464
2006-04-30,-0.051011963062248054,0.06575189996237116,0.06775347085162656,-0.00038305796708487986,-0.013561903174055262,-0.0018389607991431195
2006-05-31,-0.015358648938540357,0.034726161589665294,0.04674574771276281,-0.009228480256296164,0.021766551460296872,0.008139810033409361
2006-06-30,-0.03642906696969227,0.05252418823017599,0.05155846301218151,0.00022099026383097569,0.021470053269854367,0.00031550432176410416
2006-07-31,0.018709216185429686,0.0029737220623025588,-0.028667155921330095,-0.007508098670314722,-0.030219780002115827,0.04112232980294084
2006-08-31,0.0035628136451834012,0.027783013192285107,0.04591436595191052,-0.008600678395157439,0.003123511653303187,0.006527607777376167
2006-09-30,0.042786760188456334,-0.000768245161207952,0.005567019938693161,0.013656062054805898,-0.003576872354669584,0.007644536480962712
2006-10-31,0.02369924473329187,-0.012719335350067515,-0.01809757211624397,0.008708882091690958,-0.0038606281659269667,0.015061849324190626
2006-11-30,0.008346072990145193,0.033140744748491525,0.020204876166654322,-0.021073874871419925,0.029444020079270484,-0.023595712246033927
2006-12-31,0.019992631986416064,-0.017447976951860327,0.007791704774428047,-0.034202785289063786,0.0048556856456512,-0.02690960203608677
2007-01-31,-0.0002463045365209156,0.01931983397585352,0.0038848545412303306,0.004898781555743714,0.005203541314249076,-0.019972979004831793
2007-02-28,0.00010416181434373893,-0.004044805658351276,0.0007095636188112858,0.008077893594077816,0.04480248388324492,0.014793440291776414
2007-03-31,0.020933648326968604,-0.018689525677166585,0.01317238974725781,0.0033124492260814017,0.005734973720690572,0.008126831639687056
2007-04-30,0.019762314674825286,0.010593812182155956,0.043096943615986025,0.009919786128976862,0.0012512557258380643,0.05354755781292595
2007-05-31,-0.010348559068196395,-0.0014564762952707228,0.03128424793055381,0.006203342113027315,0.010696472869449154,-0.03783051524804137
2007-06-30,-0.04966457975739041,-0.022030565549251806,0.009069336398743792,0.009314077012482545,0.030424830020812057,-0.04147840943821522
2007-07-31,-0.019186254442570733,-0.0027163630703427697,0.005411330791715298,0.018013669189811277,0.010408064679949182,0.07065355161868878
2007-08-31,0.016659482458098028,-0.04276651617536992,-0.03443606897036813,0.04566099599870831,0.04484460441054441,0.01453262862389424
2007-09-30,0.012850731713515081,-0.04929301193452184,-0.005246499878276893,0.016416913301919876,0.0653916515610458,0.0068437413090276875
2007-10-31,-0.08859833896366631,0.03206888009807361,0.05849740570972891,-0.0005261854500206433,0.05581729497183542,0.03247491876189544
2007-11-30,-0.01636872293909435,-0.0024530361438243635,0.0044647934650494225,0.011209926747398569,0.06658529649785253,0.009937360458577498
2007-12-31,-0.05615969807881691,0.08348536606362318,0.044820878219543545,-0.027050341516114337,-0.07025588116254715,-0.00827223930975787
2008-01-31,-0.02379716377992598,0.015590064356201914,0.03817640130053048,0.001527620245995268,0.07809315719729987,-0.06549164973519869
2008-02-29,-0.031549911711508026,0.03359202969559521,0.039106908033176485,-0.022535247290639035,0.040411379672315166,0.046152868827513925
2008-03-31,0.021493506734982664,-0.007780366651071301,0.01856758197956473,0.020412120817430105,0.018330428452630512,0.06339328637909698
2008-04-30,0.031750141102522875,-0.039225103286710576,0.0065090584086698175,0.006110751205992839,0.0023797490020767333,0.02131734990055223
2008-05-31,-0.09172813329958666,-0.059272639223189934,-0.003946891165089306,-0.00778712490383911,0.12106533595718554,-0.06685235307331328
2008-06-30,-9.485749216431966e-05,0.049476055152241946,0.014074328377659961,-0.022036404762711216,-0.0065730565674451515,0.066059731730689
2008-07-31,0.01694935772131221,0.05508753853150252,0.05643338440079325,-0.00039487197841728993,-0.03259309739946336,0.044133842222456136
2008-08-31,-0.11852421317754362,0.08873955898008738,0.04618205524203219,-0.019407790228044623,0.06130149530444807,0.04653155530955069
2008-09-30,-0.2187414915801016,0.01650078412031828,0.037666960752925034,-0.03596201791188868,0.1329677184225493,-0.06935046867611143
2008-10-31,-0.1410241326056147,-0.05667757510298298,0.006897984596380353,0.00047712158878187395,0.09937558256873026,0.03290471101775005
2008-11-30,0.027972365441907534,0.04343349687226147,0.01697143271684934,0.019656020949093207,-0.02231157744529642,0.1199258996616438
2008-12-31,-0.03484743886338607,-0.10650783665381211,-0.07764358076660322,-0.0036725997525692894,-0.12743035248937679,-0.18363926764984959
2009-01-31,-0.11648804898527382,-0.073273969591545,0.023022656140078448,-0.011797704699347924,0.0566199203829528,-0.04622054269737712
2009-02-28,0.11075215864541461,0.03979804979316365,-0.015519659557452327,-0.014746650173134753,-0.1764098294757861,0.05747130388403765
2009-03-31,0.19744875963235342,0.13232313408749652,0.0787501555158516,-0.026783101122461673,-0.33344168496422066,0.08954507168787448
2009-04-30,0.0957135759141863,0.00504639650402443,-0.006707701259807495,-0.011009655256756323,-0.15705113098131582,-0.06102601197451345
2009-05-31,0.02626739872387154,-0.04444432087944678,-0.027396609143359275,-0.011937398825894846,0.02063885934750875,-0.0759090712755354
2009-06-30,0.08334597749158437,0.0347431378644636,0.005375463210841641,-0.06453940629971751,-0.04291383391687711,0.09717662413982318
2009-07-31,0.0571032903622374,0.04806043227714539,-0.001885736875605253,-0.1071917603588973,-0.11555178796308158,-0.027412783440412383
2009-08-31,0.07063691146378494,-0.0359082364399804,-0.03725671562220815,-0.042740434392618785,-0.08563771904146224,0.005434288258336979
2009-09-30,-0.0569519905489595,0.02698441653441042,0.07053026995431726,0.005815761868461534,0.039477351263835114,-0.026357741168281386
2009-10-31,0.020431512404941336,0.0006732617326041475,-0.003208811324644028,0.0008857974391760894,0.06330301586209154,0.07832361689442183
2009-11-30,0.05878702301431808,0.007691403937513095,-0.012014961760045908,-0.03052387285553555,0.02100940077289438,0.047951884582517895
2009-12-31,-0.008823687033635676,0.06429828841649957,0.03345567503998404,-0.016888609403529202,-0.031607191342869004,-0.08975257404131352
2010-01-31,0.035732331573759615,0.015238179093321149,-0.014009236953153228,0.007267866122807614,0.0725374423338201,0.03256180483924803
2010-02-28,0.07625598696809605,0.021895769338398544,-0.0028458479447357283,-0.031111834024937432,0.03991192094796045,0.004995946527345625
2010-03-31,0.07023444228776632,0.04926525093562745,0.011183206819635683,-0.06200581639957754,0.013919192544955335,-0.07370713544299355
2010-04-30,-0.08272799727369477,0.0037286955307792736,0.04881848618807328,0.017469038414978322,0.00799223540882327,-0.00432758583047834
2010-05-31,-0.07408551313563445,-0.005320820969481458,0.031273774504996736,0.04002807759376515,-0.010503789831481628,0.005532985855136211
2010-06-30,0.05274165891099994,0.02657299365216694,-0.0064638351764364985,-0.029388597831284547,0.019773089992497654,0.08331914834877964
2010-07-31,-0.06312945312514345,-0.004798782447419273,-0.00913854492310985,0.01500930027968567,0.016862488613127804,2.4638761425117297e-05
2010-08-31,0.10653332754634279,-0.03710537502432276,-0.041091245845842894,-0.005846278666704775,0.010901910877813718,0.05487580052866874
2010-09-30,0.044165749749326216,-0.012064897714497563,0.0003045529931543174,0.018391098354710058,0.014205727310315835,-0.0228008384824302
2010-10-31,0.020776654716129307,0.004736729637945916,0.002178359536868961,0.006593654033016441,0.06892588624108398,0.011342425510540812
2010-11-30,0.08244798407855225,-0.015127543246918227,-0.06173217323343288,-0.014569299886541279,-0.028313887763534717,0.02083898742774462
2010-12-31,0.016417066076774622,0.028891946778142365,0.01725549056567105,-0.01844090977791418,-0.005819199694706686,-0.045911931526004195
2011-01-31,0.04237106838749804,0.012062754633457864,0.008811440797828321,-0.00637812792298633,0.04294219861010263,0.011742542285510645
2011-02-28,0.008408030290608704,-0.022138325254908452,-0.004534445860520802,-0.01304114259876975,0.05528905704746254,0.026870489336332345
2011-03-31,0.01322785337175638,-0.02493549084602633,-0.007528205056627061,-0.009871952269482866,0.005659333549711911,0.052723744727785085
2011-04-30,-0.022201906004574803,-0.0053308632037682826,0.004665482807687918,-0.0075532477588592765,0.014423306410243614,0.019547199718710807
2011-05-31,-0.029827884723371802,0.014336660600789943,0.03535849574613933,-0.017822808953637602,0.05295671684018896,0.005702829772016824
2011-06-30,-0.023577024140658546,0.019795314239269977,0.016875685767920395,0.009079430286899988,0.019209849328225635,-0.06141480185576071
2011-07-31,-0.09129313212068783,0.004914099633647066,0.03738781407664049,-0.013217294657395625,0.029107167141141296,0.014343846008581998
2011-08-31,-0.11103651347836276,0.0002663913931758836,0.039686841162872126,-0.03029475468556405,-0.01119669169847175,-0.003977017481649165
2011-09-30,0.11741157118323067,0.014778774576632354,0.004231683786327184,0.027079414569812485,0.01528280904718131,0.11793374811026154
2011-10-31,-0.02404169082394991,0.034965239450750314,0.043513222367010024,-0.015917461752095564,0.08224433775840126,0.041129481416901294
2011-11-30,-0.006405167382817462,0.026969184066268012,0.030087833875906096,-0.03503573005610766,0.04812862584078048,0.013666414944333708
2011-12-31,0.09215590791696927,-0.014495921264033406,-0.00879252116217484,0.02890691521673462,-0.12189708136579455,-0.04695848048202173
2012-01-31,0.041658492375703356,0.016584588598590955,0.0053078492617564515,-0.00914034081391463,-0.01046383239627849,-0.013271164714914883
2012-02-29,0.02784798656934936,0.0005294280098640822,0.025608938047821272,-0.036546058690941075,0.04463434318329744,-0.045213352448978124
2012-03-31,-0.014002933815759021,0.03076753763329326,0.017671319015617647,-0.004657267092085736,0.06967620297322705,-0.02308522022420052
2012-04-30,-0.0750593259145464,0.015499890927274614,0.0053301848383765175,-0.024656972294061788,0.10851031653940285,-0.031785478583105556
2012-05-31,0.03411136848064414,-0.00459160377075625,-0.016030290833546255,0.005159780717863619,0.010675502542678456,0.03099952741353488
2012-06-30,-0.010623211416684004,0.001105545547770414,-0.006461163573164425,-0.01926587827818767,0.043823277944849526,0.009803931972836737
2012-07-31,0.026813947392853393,0.023037102646008684,-0.0021110223287679674,-0.0037034709486751098,-0.002266826279392129,0.04454260303670736
2012-08-31,0.0376467780590136,-0.002073447131813217,-0.008074352527869188,-0.007178463602702641,-0.027463075902241178,-0.00823793755409868
2012-09-30,-0.01953388341822241,0.06695691884003577,0.04559806193079614,0.0069795120410279105,0.058356158548773414,-0.00030881602925784425
2012-10-31,0.00031532682813533656,0.013954987616973566,0.03175759480754313,-0.005631408604496882,0.01412964304123004,0.033612914406870885
2012-11-30,0.024426566598023527,0.04780222972850126,0.016466117312718596,-0.00926118087615142,-0.012082213761599788,0.03171011259969577
2012-12-31,0.07266775551677249,0.026159021412502967,0.021256298154645793,-0.025400056569797675,0.0004475348946913565,-0.042097125142327455
2013-01-31,0.007960767632566227,0.0143176917153855,0.03229350095455199,-0.011661548434268447,0.0409785633764951,-0.019612511980146522
2013-02-28,0.04191026472672669,-0.010478273703983193,0.00911749277136785,-0.003811418839506569,0.033482875148132765,0.0018133305779221632
2013-03-31,-0.00589642461494354,-0.019317172693617643,0.019766803277181683,-0.011553055442744122,0.03838088257542889,0.005853771877062331
2013-04-30,0.04521979914531894,0.007814553164914972,-0.001990235824356002,-0.021986861046011004,-0.014570136674438293,-0.0038867191549630813
2013-05-31,-0.004926516513649341,-0.0006312022354251888,0.016920300079097332,0.00512058234131387,0.04768293207421439,-0.026750772842363404
2013-06-30,0.07168154887462486,-0.01513147385017769,0.0031345138680379785,-0.021954200323330158,-0.013967686306821126,-0.008323762472735008
2013-07-31,-0.015881986448786037,0.006081790911399587,0.013823980653624057,0.02304282566293501,-0.014107604648118752,-0.04420646268927958
2013-08-31,0.055411617658587514,-0.01584081284288274,0.0015311546738796824,0.01301382282385211,0.030431806394891035,-0.01726761815105207
2013-09-30,0.02397288904921034,0.0444882619384578,0.06571514233127042,-0.00458597424440345,0.015730833921178092,0.0018219821236074587
2013-10-31,0.037697130661250786,-0.021682998567865236,-0.002492806963110018,0.005157421256739341,0.03182794268374789,-0.026362398092175224
2013-11-30,0.03147167115259713,-0.019459734818325542,-0.03020454275842517,-0.014165412125550515,0.018714357650092543,-0.003643801087110407
2013-12-31,0.0014812224653289695,-0.06238234810610292,-0.10423162578646827,-0.004404981140152469,-0.024257879633406688,-0.10023345552766492
2014-01-31,0.04985177062628217,-0.0050890741503588615,-0.018512168324331047,0.00035047757089260746,0.017689285765819452,0.005034418062280024
2014-02-28,-0.0013202177588589152,0.05886740695692245,0.06349664955022481,-0.010053581633375955,0.0010625425745130646,-0.008624261350253947
2014-03-31,-0.03968395606936031,0.07885331855471575,0.09856172179648269,-0.01620411591035278,-0.013716970004603715,0.044874387692065115
2014-04-30,0.0004913346403972958,0.012454601610913617,0.022121518097688392,0.005839182866650542,0.002221053131875749,0.036274744251151535
2014-05-31,0.04869305700529895,-0.010366481653582768,-0.07133130911842968,0.02740896137238732,0.0039496457225829985,0.028334347023947614
2014-06-30,-0.04739279675118949,0.027810160984518703,0.0457916528490095,-0.03444912249730246,-6.393846580060215e-05,-0.010805285500731777
2014-07-31,0.03779929337481999,0.005542490146137351,-0.010163021625166316,0.02150392561151057,0.024895409409465597,0.034653732829518204
2014-08-31,-0.050040595732911454,-0.011256108931940585,0.04640203133878967,0.012610988800773134,0.04231295340727597,-0.02776536162508127
2014-09-30,0.016775078570975367,-0.005979813967124557,0.03881985928177331,0.030932482714800234,0.006487571206697354,0.05361954415084814
2014-10-31,-0.002677033823302236,-0.03226773205895217,0.007784585779188179,-0.016685948860931773,0.046817812035961484,0.021751378741823504
2014-11-30,0.010802417459433602,-0.01595290752053788,-0.008725185320292551,0.01164342243171396,0.021892920549008398,0.010476267552673455
2014-12-31,-0.03270201881845674,-0.045800458702419757,-0.04001480050221379,0.0009409408733766884,0.06154957876464539,-0.040991814132422956
2015-01-31,0.06562260183774976,0.006896086739171549,-0.009229894681281688,0.019560134452004857,-0.06621796056913355,0.03491309629342532
2015-02-28,-0.0032490299470718698,-0.014775565968181154,0.019207087503042043,0.031074209036600124,0.06967573115707969,-0.004001356451637655
2015-03-31,0.005432058892763921,0.06793346847164933,0.050036070959799755,0.004840614216821435,-0.09069977265110173,0.003702191751391993
2015-04-30,0.008933870163336735,-0.030731656544478538,-0.05204202206101469,0.026217098525395575,0.0760145969371765,0.009439741804686916
2015-05-31,-0.006466622275943025,-0.0042131537219921925,0.0005633514690081754,0.040061089610187235,0.04951455183105645,-0.014716087520887959
2015-06-30,-0.033841391558844,-0.039204022610735356,0.0076626973261515,0.019543070110917608,0.13392109049386286,0.01957195014543853
2015-07-31,-0.049959339854305757,0.07962840668345812,0.04032919684148521,-0.030931693945703276,0.011004877890227577,-0.022846122173061353
2015-08-31,-0.05927285205835964,0.043319290495561505,0.06487039523464601,-0.015195176156905013,0.12334724034198123,-0.044381075031163675
2015-09-30,0.04862703462772449,0.020947134473253467,0.007309260149135644,-0.02232892557443892,-0.023562176118288394,0.07288810138669691
2015-10-31,0.012973665039263092,-0.01290255236611194,-0.05389344021432892,0.03279108950400144,0.04766943607796961,0.033567820785100046
2015-11-30,-0.04626030975654155,0.0036906818880012627,0.02742050543428725,0.029216237573421167,0.06295994192752005,-0.008939368575768158
2015-12-31,-0.09614101674129807,0.05468517456121274,0.09696887063309573,-0.046930712241712226,0.06613341329609844,-0.0018778483389546394
2016-01-31,0.006100347099647566,0.035181415251686075,0.05411726603876412,-0.025891227635950063,-0.037928815193411916,0.01861047970084674
2016-02-29,0.07984399435855528,0.06396024758674013,0.008471741373719132,-0.04299790846254493,-0.09773186939268494,0.05768683612921681
2016-03-31,0.043865613464237195,0.061173060810549906,-0.05086785048002555,-0.028642348051276304,-0.04969678987667812,0.0010658652000892343
2016-04-30,-0.0020659795059439065,-0.014618845752988639,-0.007028726330165039,0.033076347771646634,0.054513607748440336,0.035309758604592546
2016-05-31,-0.004258641926726505,0.01156945886704688,0.013878675051841203,-0.05205355957166986,0.06578929295540643,-0.03281129558363106
2016-06-30,0.05572193318306382,0.005667674891707705,0.007807948556155612,0.011347030335404596,-0.0296130749751058,-0.009621849815028394
2016-07-31,0.016463284486256214,0.01779286439948275,0.0011506813411704256,0.013385162811045466,-0.026962715843140292,-0.0012360197449364462
2016-08-31,0.018638624827959194,-0.01082608389533014,-0.055946875090339944,0.02260297173185304,0.002269584753581442,-0.001464326341431568
2016-09-30,-0.05317541480439615,0.06934296995735585,0.08661120293610425,0.011722096728120681,0.047181404055358436,0.03342555479578256
2016-10-31,0.07996725766132902,0.09312396723186812,0.04849670268142646,-0.00247444750423365,0.020056113013653898,0.029455918906762708
2016-11-30,0.016356199095625665,0.0749627419575135,0.07592017063931147,0.020092106438477954,0.02920294109771581,-0.011001288804407493
2016-12-31,0.022899256540041598,0.020145960290151445,-0.03548135377786946,-0.017867537685997005,-0.005741126792365636,-0.0037688057588423324
2017-01-31,0.016594630962367095,-0.035549564052781084,-0.011634692596991429,0.025401961728610634,-0.03194654930366768,0.013029844797990525
2017-02-28,0.00373870724876917,-0.025809129540159872,-0.012550342709669506,0.010655537569317754,-0.002158438888625322,7.046581940111232e-05
2017-03-31,-0.0031224362188209368,-0.012894247675242328,0.0367601477602298,0.016650973323199387,0.031171859187239994,0.019794388174564703
2017-04-30,-0.022026473682491308,-0.034732299152397096,0.03351103883846,0.010756628173702749,0.030536893682372883,0.0220500059763918
2017-05-31,0.031031294593097496,0.017348171947822805,-0.033299370544470956,0.023234574053065445,-0.014144493368232942,-0.0011255003290515102
2017-06-30,0.00036479539702289563,0.022494814944332215,0.017642312006606115,-0.002940842781177527,0.0358477040847017,0.03967137164697186
2017-07-31,-0.016606727201925693,-0.018282283095616747,-0.019531587584608025,0.015712470689200266,0.03892885915780176,0.02581370813629403
2017-08-31,0.061781652253663555,0.010655575387029725,-0.023667145271896697,-0.020289497174681315,-0.010218301916022625,-0.027105276297349188
2017-09-30,-0.002056547096823082,0.013165060270123933,0.012121391498799634,0.0024188547040954744,0.06284809711834134,0.019651823974215974
2017-10-31,0.02691386434680656,0.014014575088263185,0.004327391643650175,-0.008567661118246287,-0.0027658232170139243,0.012565521195042525
2017-11-30,0.011077078651372413,-0.0001703596756323046,0.014127135863954777,-0.018287970394703555,-0.008182606143757536,-0.014588642913633725
2017-12-31,0.029135352236172564,-0.017938004954753305,-0.029811643156581906,-0.0038131893395177115,0.015080959649656908,0.02244612094836102
2018-01-31,-0.0425600339212923,-0.00452855409221157,-0.012151385316258978,0.01148736920586385,0.03719360998506748,0.010051379590298906
2018-02-28,0.00421923866254501,0.01461542031861049,0.020061796186966997,0.002384738502553518,0.012315676818614054,-0.016630672089244174
2018-03-31,0.0066343334620421095,0.01804373064803378,-0.005208930806534831,-0.006035214933702868,-0.00032210638814107354,0.011933653181961714
2018-04-30,0.04413931269055048,-0.030253511931672732,-0.027454592449936754,-0.0056099127863871645,0.039451362059864194,-0.01796931525559922
2018-05-31,0.004474376379939175,-0.00024966385505957963,0.035090891222992714,-0.007946751714147625,0.005071514330638676,0.0009685916055788703
2018-06-30,-0.00022269079697082055,0.026862464021302403,0.04255920734893253,-0.0018795835205973606,0.02553047999528416,0.05740530958975222
2018-07-31,0.02835905146084971,-0.0752065146885064,-0.03871703677879173,0.009204085812944246,0.055714424568406265,0.007287108510076705
2018-08-31,-0.016215869023822937,-0.02568823796201542,-0.0014242740851950597,-0.001432599145178389,-0.009975291849416043,0.008690323695997336
2018-09-30,-0.10237420575300928,0.07186086975498071,0.06123305911936562,-0.024953259160716702,0.03415057863421323,-0.013350064198545909
2018-10-31,-0.006932813572353704,-0.008382547342222262,0.006300157714273312,0.018196244789396555,0.0025831295099443675,0.0804442809756718
2018-11-30,-0.1275050891244128,0.022162442151075476,0.04331461982279166,0.017697140263804166,0.09679864166175885,0.036174908195049614
2018-12-31,0.1288003035801917,-0.03386080751549969,-0.06417166404195805,-0.018829439119505336,-0.14209712864766202,-0.04147285512696843
2019-01-31,0.047308207044176515,-0.028795820743557434,-0.0038428620250762005,0.014639907885985272,-0.01578264162810008,-0.0034602458762424708
2019-02-28,-0.01737701424187137,-0.03826964111394422,-0.035874369243168225,0.0008944780451086607,0.006703922885657274,0.01200984376784642
2019-03-31,0.018451921841425897,0.04147635133328855,0.042051868872242194,0.0131740286464651,-0.003629457411697552,0.05340869117861583
2019-04-30,-0.08228959167929205,-0.00854461030660102,-0.0446820809438516,0.018334013089786303,0.11268859838560934,-0.01054287742970983
2019-05-31,0.05058434117960494,-0.0016226696940389443,0.02765732123941317,0.013787049501248042,-0.002664525237417828,0.08856735034169089
2019-06-30,-0.012269700157583609,0.028054681122703966,0.0230188901598208,-0.008956750482393175,0.05067594425323337,0.04560257642607231
2019-07-31,-0.05373621076664561,-0.016762380788401764,0.004116108173825647,0.0009620032010214186,0.08283781480030582,-0.022597925639319
2019-08-31,0.01477016954510531,0.10553721542990407,0.09269898763935974,-0.013374041989162266,-0.04601037237264127,0.03663825650780077
2019-09-30,-0.0009432470540875622,-0.0019583576969713465,-0.0005970469561516144,0.00709456779184906,0.03894550635131262,0.04942870302938447
2019-10-31,0.03203548092635148,-0.021074922585943914,-0.044654540866189675,0.06395010056439991,-0.0016598793678954222,0.0641047805595779
2019-11-30,0.045841874114647574,0.03663785786103539,-0.03630194273458817,0.00782962277547758,-0.03570511464565335,-0.00010568421920826394
2019-12-31,-0.022477071639292474,-0.08622132775857583,-0.06811619268299508,0.005606943447333762,0.024867678230037136,-0.05412569158827792
2020-01-31,-0.0802456971053666,-0.04455622042933806,-0.04878347388693373,-0.0015423923885033888,0.015879947233815497,-0.020322564912602297
2020-02-29,-0.22739845865859834,-0.11588986983912831,-0.11266750160125984,-0.008863162606826793,0.05832349672749519,0.03790039942229188
2020-03-31,0.17614568525324092,0.015510555667145733,0.01817952685884987,0.028709019463130526,-0.09276397294656684,-0.03993037200188357
2020-04-30,0.07161046566904147,-0.11245003308327266,-0.07575411557446395,0.025320726238092593,-0.05557834158540853,-0.0012875903801197787
2020-05-31,0.06035868295466513,-0.02099839125977256,-0.003742034366726336,-0.030535119704606352,-0.023852571329077293,-0.11592981988486689
2020-06-30,0.03561188624669703,-0.055136973768521426,-0.019647748267229783,-0.03763628676214677,0.03901743921550458,-0.017508091522333683
2020-07-31,0.041446697322144906,0.05102081493209722,0.045702588780742175,0.03296067456452655,-0.022419377700062876,0.05581133380171985
2020-08-31,-0.03022557056926609,-0.01567764758796369,-0.007599201819692845,0.04339410012882868,0.05216031149282553,-0.028272149308136745
2020-09-30,0.004621597606553857,0.07498290625112228,0.04394685070928177,0.018278103130730305,0.0017998285052224857,0.019985490377395762
2020-10-31,0.19322029297239385,-0.000377737816457497,-0.06923524872674114,-0.06532986948822168,-0.14285101976381648,-0.007716629150134954
2020-11-30,0.08734283950446836,-0.033606943206654416,-0.021869763434206626,-0.01060771666145433,-0.034804894757983824,-0.05607672136098122
2020-12-31,0.0848009847297931,-0.0780763090191488,-0.12235519251254036,-0.08137113641884348,0.028967855345525397,-0.22634730356075033
2021-01-31,0.08153112015748509,0.07934830848875188,0.0018371547348006352,-0.043179035124005706,-0.045771678206998484,-0.04984370825555968
2021-02-28,0.006848186210223216,0.11030469070270572,0.12146543513251759,-0.017528311549045782,-0.024342811514281557,0.031064102015297093
2021-03-31,0.00746135290887632,0.05123266830638209,0.05101317674515749,0.004158195975222093,0.018443792681189917,0.08276072701933936
2021-04-30,0.010054220133181526,0.0898686638921258,0.05636576389698842,-0.07074609277671935,0.04205431646708068,0.0014645824345155252
2021-05-31,0.024220910741469044,-0.07637760105851843,-0.059795474728348445,-0.021948944959463184,0.020913917125454897,-0.04615655023188896
2021-06-30,-0.04430847636606989,0.04106335243319685,0.12663023554338543,0.00488090305676871,-0.012555577680300271,0.03457678657308726
2021-07-31,0.021360198965825958,0.010787717362606758,-0.02580013697188457,0.030578196388933446,0.017499535116082397,0.01613527234320539
2021-08-31,-0.02967058868452861,0.06316029797979898,-0.011541714589459,-0.05223553890185069,0.03065953153371808,0.009825305250084798
2021-09-30,0.02330830818679186,0.008023785835890722,0.0515523238931561,0.007056170017438369,0.038895641410705034,0.05323312031371727
2021-10-31,-0.056262043229777285,0.01846017028683234,0.10618863271861764,-0.044246286931303246,0.03486162581208564,0.004542588634832781
2021-11-30,-0.013376156062470296,0.06854632660185446,0.1121174070229131,-0.08668936564877805,0.02312765891428146,0.1075199448255877
2021-12-31,-0.08591239990414969,0.14822229134680046,0.1048333396669391,-0.09031895643889333,0.04221355078416147,0.0029129378282607586
2022-01-31,-0.004784936352497166,0.02283287679742125,0.013552546291270985,-0.02875213278779243,0.07396434857841303,0.006155962190297358
2022-02-28,0.017195166154314455,0.0019351911673512407,-0.021911408571943982,-0.008116505838441541,0.010391749550350654,-0.026686135367875875
2022-03-31,-0.10411314737446156,0.04589946444388695,0.1109023653984725,-0.0660263447336988,0.15761061376019778,-0.029560587112777502
2022-04-30,-0.02667794972912101,0.09683130887515129,0.10985512232672741,-0.005614179255149832,0.07013364740435864,0.0464105068601706
2022-05-31,-0.07330452735027145,0.0001254881377614559,-0.033097193549914646,-0.03127222305182547,0.0316111922795665,-0.06808835296108802
2022-06-30,0.06758618084079071,-0.011283106806809096,0.04489427981897401,0.06257961780228032,-0.054180493656153544,0.09871349343682415
2022-07-31,-0.008167252377996632,-0.00987324005295162,-0.0710064468374084,-0.01939564265283899,0.03088939895394706,-0.03460064391932597
2022-08-31,-0.10748178765755793,-0.013163073854996155,-0.020469245778043467,0.01020875849530772,0.1294585953563243,0.024594177563271688
2022-09-30,0.05147086719490909,0.07811826896127923,0.09948872112058715,-0.007313911558684189,0.05190433809937603,0.11665320960138524
2022-10-31,-0.0023986508539182595,0.05052532277810041,0.11820982546095607,-0.022365511875467987,0.03585068361461346,0.09385783879003043
2022-11-30,-0.06528110422616398,-0.004830413418267781,-0.0028582986235681364,-0.04761471384837845,0.10861397556167694,0.0026963068036836195
2022-12-31,0.13342062169850427,0.09579212203892495,-0.01539499449091237,0.004072369244782347,-0.27549875476337554,-0.007986816155848118
2023-01-31,-0.04198766827219009,0.011059158787756459,0.0345082067408303,0.02839777406601925,0.09317909286253193,0.008011406965588967
2023-02-28,-0.06547170476563166,-0.05389139867063895,0.025250255850675345,-0.0032578296677683305,0.0739194645997747,0.06936119878161617
2023-03-31,-0.026020250925326706,0.00054684478101576,0.014997007160675516,-0.010061156705130561,0.04315917947304228,0.0004961966758495654
2023-04-30,-0.009992433691741359,-0.026264794784981584,-0.09858845665833017,0.0032584180837934647,0.011016648506407396,0.008348947041893012
2023-05-31,0.046460847605362,0.05054942400185666,0.0840891668829555,-0.004519585326538613,0.004146460465913153,0.09682595874520213
2023-06-30,0.03815816598000201,0.11775003065716551,0.0019842519348861973,0.008040520162357536,-0.048343466789221794,0.1197245028717197
2023-07-31,-0.07470627758676696,0.025441488729130553,0.10578028678667616,0.004773660739478269,0.09526032125044433,0.019282502684966573
2023-08-31,-0.07502287765758033,0.038401994919007136,0.07202895650806242,0.02046943626212628,0.06713890063587015,0.0033515728985953745
2023-09-30,-0.08978980166098598,0.03282458390532351,0.06678749099901031,0.013643628823718501,0.07496501539665892,0.034353551128404006
2023-10-31,0.0679810559214001,0.047052703732589324,-0.05876572928477467,-0.014745994669804424,0.03058934572563644,0.11763198054663918
2023-11-30,0.08927451476295739,0.08150343623519754,-0.08086075998386298,0.0002669643944389425,-0.03359414772549196,0.1515818109334834
2023-12-31,-0.04439785227164598,0.010506095155048674,0.009908993017774237,0.0006996086592608391,0.09108072439599679,0.013525233374041564
2024-01-31,0.035274702804744006,-0.013624727262903492,-0.05648171177965138,-0.0025014747734542417,0.024819491510640477,0.033413881984647294
2024-02-29,0.014665429066274991,0.06591674075184252,0.0356253487308516,-0.025611123646728216,0.042146460780553674,0.0704976017744499
2024-03-31,-0.07617739196574937,0.009177827196467129,0.06772496763549923,0.01168842032531164,0.010601961635451596,-0.0019624062802359064
2024-04-30,0.026323565140916022,0.0794192106719266,0.03430366296692216,0.005642603923196432,0.0054388033081604606,0.05744680826221128
2024-05-31,-0.04244223336209972,0.01693463713880074,0.004372063344108106,0.04548937826288031,0.04244243449840598,0.06088953393255762
2024-06-30,0.051987312759219834,0.10976118266052803,-0.019258856576723306,-0.015641890290025176,0.052609128778829194,0.11255185964509536
2024-07-31,-0.03717890430090597,0.01642807357254799,0.03180661735293002,-0.010379123256822831,0.10651537312724083,0.06965073313713897
2024-08-31,-0.004228982306252107,0.0389536536534321,0.012996547965759485,0.003576832124010311,0.011060026317111877,0.05223079891978353
2024-09-30,-0.015116281780629973,-0.0060213548916456154,-0.042732205952002195,0.01585051071733059,0.05203653645627668,0.017506479023252742
2024-10-31,0.060671707946972096,0.013101051928609407,0.01858239246773115,-0.014063429083509587,0.06070524500780139,0.08161390225472909
2024-11-30,-0.041371855138881614,-0.012950567462848924,0.015026045162706654,-0.011389404274269564,-0.054623821883735164,-0.10164460031224452
2024-12-31,-0.002687718337780479,0.03479236086179726,-0.0029737098722103965,-0.019029424531177577,0.06844414514812057,0.1174619377104238
2025-01-31,-0.06781641713912043,0.06960860747882083,0.04792552269314813,0.00612655928318365,0.05167467643658509,0.06573020174417057
2025-02-28,-0.0880134642063624,0.031466697890747256,0.08416539321174389,0.01082135398779934,0.054479358904238134,0.05430345446393227
2025-03-31,-0.01140361459014511,-0.06121352850655374,-0.07993887645505825,0.020949104284335895,0.035322784010829444,-0.02146351094275228
2025-04-30,0.0455311394135726,-0.00018421631279519406,0.031822002739473707,0.025853466641290283,0.03686385464193513,0.0036434464804894966
2025-05-31,0.04059602910725033,0.0335439303097935,-0.015230089104747787,0.01690172434148095,0.013392774306795413,0.03425809226696993
2025-06-30,0.020643403876491835,-0.002101252851575825,-0.045160212144753256,0.007066487015394341,-0.051989131371259004,-0.0005408598423824856
2025-07-31,0.045340706006118156,0.07078749850368987,-0.01716749619574444,-0.028820675597802277,0.028902720552203918,0.07094556464353313
2025-08-31,0.029827516255199204,0.0007158207580794354,-0.09867059593090342,-0.01114092587015664,0.05590358390869841,-0.022175861975002577
2025-09-30,-0.0107704108126192,-0.010966019119096303,-0.11289375586913089,-0.0162492759639395,0.032768389912345756,0.08583072557832731
2025-10-31,-0.027378528799858536,0.09801015738918861,0.05674501706971693,-0.02980005483628242,0.02849468633294994,0.16490584940918707
2025-11-30,-0.03688166837597978,0.08215916930531729,0.05576750039053318,-0.021516905827886203,0.07725950118547835,0.15728444497484909
