variant,characteristic,mean_abs_grad
fourier,market_equity,0.0005544512209598907
fourier,chcsho_1m,0.00011162497914483542
fourier,chcsho_3m,0.00015073779291318115
fourier,chcsho_6m,0.0001534610016703179
fourier,chcsho_12m,0.00023668115017547585
fourier,eqnpo_1m,8.32156063218766e-05
fourier,eqnpo_3m,7.283724351509593e-05
fourier,eqnpo_6m,8.952020815437816e-05
fourier,eqnpo_12m,0.00017750689335419633
fourier,ret_1_0,8.582210464131397e-05
fourier,ret_3_1,7.903486934083049e-05
fourier,ret_6_1,6.356465592640839e-05
fourier,ret_9_1,6.88688052105135e-05
fourier,ret_12_1,6.163071876168638e-05
fourier,ret_12_7,6.579238121048548e-05
fourier,ret_2_0,5.507885952586853e-05
fourier,ret_3_0,6.306503089338854e-05
fourier,ret_6_0,6.78335380143835e-05
fourier,ret_9_0,6.637339440809837e-05
fourier,ret_12_0,6.01279011425504e-05
fourier,ret_18_1,0.00013507413592985055
fourier,ret_24_1,0.00010780828150018351
fourier,ret_24_12,0.00013273513217427539
fourier,ret_36_1,0.00011324578204342591
fourier,ret_36_12,8.367026977794009e-05
fourier,seas_1_1an,6.809201346792785e-05
fourier,seas_1_1na,6.134371378114641e-05
fourier,ivol_capm_21d,5.5965819533412294e-05
fourier,ivol_capm_252d,0.00011742260231282364
fourier,iskew_capm_21d,0.0001647891753964359
fourier,rvol_21d,6.158858370933253e-05
fourier,rvol_252d,0.00017339938975055702
fourier,rvolhl_21d,0.00013369501113629664
fourier,rmax1_21d,5.697914225189987e-05
fourier,rmax5_21d,7.172881137497219e-05
fourier,rmax5_rvol_21d,7.115798004330523e-05
fourier,rskew_21d,0.00011125760819898759
fourier,coskew_21d,5.763326952243612e-05
fourier,beta_21d,7.023049736744726e-05
fourier,beta_252d,8.613896866033122e-05
fourier,beta_dimson_21d,0.00010878520434137802
fourier,betadown_252d,0.00015384779748274012
fourier,ami_126d,0.00012685343167201304
fourier,dolvol_126d,0.00015458201996807475
fourier,dolvol_var_126d,4.3878065656220616e-05
fourier,turnover_126d,4.976374527662603e-05
fourier,turnover_var_126d,5.5117623020729903e-05
fourier,zero_trades_21d,7.316393851093985e-05
fourier,zero_trades_126d,5.1823272063605445e-05
fourier,zero_trades_252d,7.558886047869842e-05
fourier,bidaskhl_21d,0.0001284548993377636
fourier,prc_highprc_252d,0.00018573856923467252
fourier,age,0.00016758605937260045
fourier,mispricing_mgmt,0.00017484329968283415
fourier,mispricing_perf,0.0001156675470216821
fourier,at_gr1,6.62274676869856e-05
fourier,sale_gr1,0.00015121555310543047
fourier,inv_gr1a,0.00011527748926406884
fourier,fnl_gr1a,0.00020582240732134477
fourier,nfna_gr1a,0.0001136768425446159
fourier,tax_gr1a,0.0002484915590078648
fourier,be_gr1a,4.7506464131098865e-05
fourier,ebit_sale,0.0001137427323677305
fourier,ope_be,7.991477152245352e-05
fourier,ni_be,4.7290465681726344e-05
fourier,ebit_bev,5.719632327479001e-05
fourier,dbnetis_at,0.00013971313324873339
fourier,at_turnover,9.441859450210662e-05
fourier,sale_bev,0.00011539208224955172
fourier,cash_at,7.42753513926194e-05
fourier,op_atl1,9.259950387786374e-05
fourier,ocf_at,5.129594745085343e-05
fourier,op_at,8.003078064575675e-05
fourier,ocf_at_chg1,7.191824755864216e-05
fourier,at_be,7.99929688582779e-05
fourier,at_me,0.00010597222934544938
fourier,be_me,0.0002252352904664197
fourier,debt_me,8.128000441502082e-05
fourier,netdebt_me,6.927457903051012e-05
fourier,sale_me,0.00027127259854751166
fourier,ni_me,0.00019370949188063006
fourier,ocf_me,0.0003117996774138495
fourier,bev_mev,7.647956932487432e-05
fourier,ebitda_mev,0.00019982924573317478
fourier,qmj_prof,0.00013463981937093193
fourier,qmj_safety,0.00010553790405538165
fourier,lt_gr1,0.0001886101437654967
fourier,be_gr1,6.645002070702808e-05
fourier,cash_gr1a,0.00013838878093035118
fourier,debtst_gr1a,0.00038879940902309795
fourier,ap_gr1a,0.00011982555231346245
fourier,debtlt_gr1a,0.0001034999466598189
fourier,fna_gr1a,0.0004434548111748882
fourier,ebitda_gr1a,9.028984391382739e-05
fourier,ebit_gr1a,0.00011787019050946887
fourier,ni_gr1a,0.000129672506955103
fourier,nix_gr1a,0.00012546496003778884
fourier,dp_gr1a,0.00012065385821188103
fourier,ocf_gr1a,6.534138396697623e-05
fourier,dltnetis_gr1a,0.00011262180178164268
fourier,dbnetis_gr1a,0.00016993712876380102
fourier,xido_at,0.00013222127690823985
fourier,ebitda_sale,0.00010782616331804699
fourier,pi_sale,7.4232513828368e-05
fourier,ni_sale,7.031663587137397e-05
fourier,nix_sale,6.983092339093372e-05
fourier,ocf_sale,7.367155198153342e-05
fourier,ebitda_at,5.25686298048337e-05
fourier,ebit_at,6.509707933825362e-05
fourier,fi_at,9.031382995393262e-05
fourier,ni_at,5.2440557374211495e-05
fourier,nix_be,4.5716856432894317e-05
fourier,ocf_be,0.00010064681726362324
fourier,ebitda_bev,5.989693015483983e-05
fourier,fi_bev,0.00010605436628490377
fourier,ebitda_ppen,7.54448813737933e-05
fourier,dltnetis_at,7.56536380201093e-05
fourier,dstnetis_at,0.00016296414246122972
fourier,be_bev,5.0060902901047174e-05
fourier,debt_bev,6.416780030122026e-05
fourier,cash_bev,8.970032534610555e-05
fourier,debtlt_bev,0.00013025631189520935
fourier,debtst_bev,7.665229347063967e-05
fourier,ebitda_debt,0.00010090994500690912
fourier,ocf_debt,0.00012866280262339083
fourier,cash_lt,0.0001257567466867234
fourier,debtst_debt,0.0001551714967717998
fourier,debtlt_debt,0.0001431966908300334
fourier,lt_ppen,9.157837153907165e-05
fourier,debtlt_be,7.250434026597453e-05
fourier,debt_at,8.444218149331089e-05
fourier,debt_be,4.500320164273338e-05
fourier,ebit_int,9.159521798816665e-05
fourier,sale_be,8.799895881869212e-05
fourier,cash_me,0.00013030934715061446
fourier,ebitda_me,0.00027489192934202335
fourier,ebit_me,0.00015287487143117077
fourier,ope_me,0.00019989093513383225
fourier,nix_me,0.00015801399991081176
fourier,at_mev,0.00010589378684016993
fourier,ppen_mev,9.408576929369395e-05
fourier,be_mev,6.701380343050309e-05
fourier,cash_mev,8.785903214932963e-05
fourier,sale_mev,0.0002205514507901777
fourier,ebit_mev,0.00013830504361976633
fourier,ocf_mev,0.00016206532416011517
fourier,debt_mev,9.721180392565051e-05
fourier,debtlt_mev,7.398468088164616e-05
fourier,debtst_mev,0.0001480711910456497
fourier,dltnetis_mev,5.1911963182647015e-05
fourier,dstnetis_mev,0.00014372849434342546
fourier,dbnetis_mev,0.00010640992900637987
linear,market_equity,0.00021353959755894417
linear,chcsho_1m,0.00017369958397466691
linear,chcsho_3m,0.00018169513910834203
linear,chcsho_6m,0.0002317519697923369
linear,chcsho_12m,0.00025655928737251083
linear,eqnpo_1m,0.00011975080434543392
linear,eqnpo_3m,9.077790287847164e-05
linear,eqnpo_6m,0.00011898702109344109
linear,eqnpo_12m,0.0002352503755779859
linear,ret_1_0,7.371788028346296e-05
linear,ret_3_1,9.498051944926072e-05
linear,ret_6_1,6.649898367565281e-05
linear,ret_9_1,9.915242455463159e-05
linear,ret_12_1,5.667253313731634e-05
linear,ret_12_7,9.239705319487257e-05
linear,ret_2_0,8.2423944331822e-05
linear,ret_3_0,9.678295954169397e-05
linear,ret_6_0,7.194613201136232e-05
linear,ret_9_0,8.694124069734244e-05
linear,ret_12_0,4.548871317335094e-05
linear,ret_18_1,8.527977914733733e-05
linear,ret_24_1,0.00011904080838576192
linear,ret_24_12,0.00010729755010591666
linear,ret_36_1,7.80024043160665e-05
linear,ret_36_12,0.00010441459811166472
linear,seas_1_1an,6.37833493965445e-05
linear,seas_1_1na,7.485118834059295e-05
linear,ivol_capm_21d,0.00012316543123233714
linear,ivol_capm_252d,0.00020942289074203776
linear,iskew_capm_21d,0.00010040380163142493
linear,rvol_21d,8.87229722441892e-05
linear,rvol_252d,0.00019689461141145632
linear,rvolhl_21d,0.00018223020185056764
linear,rmax1_21d,0.00010520765429949582
linear,rmax5_21d,8.485904046513799e-05
linear,rmax5_rvol_21d,0.0001552429641985023
linear,rskew_21d,9.168529675055954e-05
linear,coskew_21d,7.314220540441358e-05
linear,beta_21d,8.376824903583235e-05
linear,beta_252d,0.00012576844104235838
linear,beta_dimson_21d,6.266052843784563e-05
linear,betadown_252d,0.0001230484671001856
linear,ami_126d,0.0001253573141305727
linear,dolvol_126d,8.93138296851248e-05
linear,dolvol_var_126d,0.00010113632051798044
linear,turnover_126d,3.825242401944707e-05
linear,turnover_var_126d,9.597841891566832e-05
linear,zero_trades_21d,5.054717799794161e-05
linear,zero_trades_126d,4.314974573693082e-05
linear,zero_trades_252d,6.631920347596557e-05
linear,bidaskhl_21d,0.00017400488136142182
linear,prc_highprc_252d,0.00011175577462078462
linear,age,0.00010631310346070678
linear,mispricing_mgmt,0.00018310901637354018
linear,mispricing_perf,0.00024175205267965797
linear,at_gr1,9.779031050129561e-05
linear,sale_gr1,0.00011410184676909318
linear,inv_gr1a,0.00010947783210819273
linear,fnl_gr1a,0.00019225946942848772
linear,nfna_gr1a,7.266840842930832e-05
linear,tax_gr1a,0.0001790987355100999
linear,be_gr1a,9.696486311440822e-05
linear,ebit_sale,7.082850371868213e-05
linear,ope_be,8.085158081181968e-05
linear,ni_be,6.779467450542143e-05
linear,ebit_bev,5.1642788809355506e-05
linear,dbnetis_at,9.888317277727767e-05
linear,at_turnover,8.459778229735095e-05
linear,sale_bev,9.597703261533752e-05
linear,cash_at,6.41984346505827e-05
linear,op_atl1,0.00011952197073696879
linear,ocf_at,6.124907096212457e-05
linear,op_at,7.496916752643301e-05
linear,ocf_at_chg1,9.556709456470951e-05
linear,at_be,0.00012895676502618398
linear,at_me,0.00019169154790385308
linear,be_me,0.00016709980346301257
linear,debt_me,6.995946571502525e-05
linear,netdebt_me,5.5075212400576365e-05
linear,sale_me,0.00015085808974011649
linear,ni_me,0.00013331741374713598
linear,ocf_me,0.00015069397750873276
linear,bev_mev,4.7359672310752404e-05
linear,ebitda_mev,7.784999385573125e-05
linear,qmj_prof,0.00017277127512594842
linear,qmj_safety,0.00015239124282137101
linear,lt_gr1,7.449006128202503e-05
linear,be_gr1,0.0001117310417733582
linear,cash_gr1a,0.0001927582414646167
linear,debtst_gr1a,0.0002526232666423312
linear,ap_gr1a,7.709112060789872e-05
linear,debtlt_gr1a,0.0001258689184154112
linear,fna_gr1a,0.00021140285648774205
linear,ebitda_gr1a,9.24530347886806e-05
linear,ebit_gr1a,0.00014744514153183745
linear,ni_gr1a,0.00010696932138065071
linear,nix_gr1a,9.879962848572176e-05
linear,dp_gr1a,7.430629497321205e-05
linear,ocf_gr1a,0.0001291697963461047
linear,dltnetis_gr1a,0.00022028120474715243
linear,dbnetis_gr1a,0.00013571321051131238
linear,xido_at,0.00019896844852458645
linear,ebitda_sale,9.012587303004692e-05
linear,pi_sale,5.6838314004987e-05
linear,ni_sale,7.385969849565297e-05
linear,nix_sale,7.338892132490097e-05
linear,ocf_sale,8.290503476625115e-05
linear,ebitda_at,7.934998100002606e-05
linear,ebit_at,5.884225568782616e-05
linear,fi_at,8.508540586869155e-05
linear,ni_at,4.3292385598761036e-05
linear,nix_be,6.789833322424482e-05
linear,ocf_be,0.00010069425875675125
linear,ebitda_bev,9.49518773025678e-05
linear,fi_bev,0.00010147994119809785
linear,ebitda_ppen,0.00012467821326329917
linear,dltnetis_at,0.00010993513966241152
linear,dstnetis_at,8.91332486025931e-05
linear,be_bev,4.6309839065846364e-05
linear,debt_bev,7.743476340692724e-05
linear,cash_bev,7.992205493792427e-05
linear,debtlt_bev,7.37275605145745e-05
linear,debtst_bev,7.514688878776119e-05
linear,ebitda_debt,0.00011539563581512386
linear,ocf_debt,7.730252303493519e-05
linear,cash_lt,6.465396017574677e-05
linear,debtst_debt,0.00011450279564087397
linear,debtlt_debt,0.0001399435620987788
linear,lt_ppen,8.170852473995186e-05
linear,debtlt_be,8.471214830327276e-05
linear,debt_at,4.386980082623873e-05
linear,debt_be,7.106607394234744e-05
linear,ebit_int,6.302414937939224e-05
linear,sale_be,6.38156929047303e-05
linear,cash_me,0.00021326050147763454
linear,ebitda_me,0.00020313728608016397
linear,ebit_me,0.00013743916984822137
linear,ope_me,0.0001228737865797787
linear,nix_me,0.0001272794666389625
linear,at_mev,8.299774595191897e-05
linear,ppen_mev,9.711052779797074e-05
linear,be_mev,5.8466089200616524e-05
linear,cash_mev,7.619823490434403e-05
linear,sale_mev,5.05550108209718e-05
linear,ebit_mev,3.6043384980075644e-05
linear,ocf_mev,7.981266079696069e-05
linear,debt_mev,9.316047408598628e-05
linear,debtlt_mev,6.28387657707208e-05
linear,debtst_mev,8.013096277863948e-05
linear,dltnetis_mev,0.00010401390484427489
linear,dstnetis_mev,0.00011603274678539797
linear,dbnetis_mev,6.949344291570015e-05
per_feature,market_equity,0.00017342309380182993
per_feature,chcsho_1m,0.00012130743542608498
per_feature,chcsho_3m,0.00010124321112622662
per_feature,chcsho_6m,0.00014037925262528006
per_feature,chcsho_12m,0.00016164216506391917
per_feature,eqnpo_1m,3.389089799990567e-05
per_feature,eqnpo_3m,2.8475097975994377e-05
per_feature,eqnpo_6m,4.1264180696695505e-05
per_feature,eqnpo_12m,7.613944704644382e-05
per_feature,ret_1_0,3.846019598010267e-05
per_feature,ret_3_1,1.7417283579561627e-05
per_feature,ret_6_1,7.896989574267842e-05
per_feature,ret_9_1,5.807956416295686e-05
per_feature,ret_12_1,1.6783565524747245e-05
per_feature,ret_12_7,7.034053287497953e-05
per_feature,ret_2_0,3.6044916996615945e-05
per_feature,ret_3_0,3.851747156659258e-05
per_feature,ret_6_0,5.45068866631482e-05
per_feature,ret_9_0,5.300541758818629e-05
per_feature,ret_12_0,4.5957200582051884e-05
per_feature,ret_18_1,5.300692793146785e-05
per_feature,ret_24_1,5.827626161893324e-05
per_feature,ret_24_12,5.27931650382622e-05
per_feature,ret_36_1,6.090128031549586e-05
per_feature,ret_36_12,5.10425786402872e-05
per_feature,seas_1_1an,2.1372582621855452e-05
per_feature,seas_1_1na,3.574598838592161e-05
per_feature,ivol_capm_21d,7.261921143557024e-05
per_feature,ivol_capm_252d,4.080967739355402e-05
per_feature,iskew_capm_21d,7.215627116238467e-05
per_feature,rvol_21d,6.54193922309787e-05
per_feature,rvol_252d,5.585075550091762e-05
per_feature,rvolhl_21d,4.541586013753353e-05
per_feature,rmax1_21d,3.581187223062443e-05
per_feature,rmax5_21d,5.620296313281869e-05
per_feature,rmax5_rvol_21d,2.944652290049513e-05
per_feature,rskew_21d,3.6355264792291555e-05
per_feature,coskew_21d,4.066540204500294e-05
per_feature,beta_21d,5.2288201271342886e-05
per_feature,beta_252d,3.5603183314378825e-05
per_feature,beta_dimson_21d,3.220664638471742e-05
per_feature,betadown_252d,2.925094760333498e-05
per_feature,ami_126d,5.267871310934426e-05
per_feature,dolvol_126d,5.191773194383133e-05
per_feature,dolvol_var_126d,1.4539169266451308e-05
per_feature,turnover_126d,1.4860461343838928e-05
per_feature,turnover_var_126d,2.4313356825587106e-05
per_feature,zero_trades_21d,2.5668316923959846e-05
per_feature,zero_trades_126d,1.663277874285996e-05
per_feature,zero_trades_252d,1.537619889859343e-05
per_feature,bidaskhl_21d,5.733207154359357e-05
per_feature,prc_highprc_252d,6.139760224565785e-05
per_feature,age,4.694715780715341e-05
per_feature,mispricing_mgmt,6.615629835626654e-05
per_feature,mispricing_perf,0.00021914365439442917
per_feature,at_gr1,1.7289789140401503e-05
per_feature,sale_gr1,5.6956748606656524e-05
per_feature,inv_gr1a,3.198652074085354e-05
per_feature,fnl_gr1a,0.00010695651129935867
per_feature,nfna_gr1a,8.426265713448325e-05
per_feature,tax_gr1a,4.551075583246227e-05
per_feature,be_gr1a,1.252345919359262e-05
per_feature,ebit_sale,3.02218014076061e-05
per_feature,ope_be,9.249357356263017e-05
per_feature,ni_be,2.1935411635543762e-05
per_feature,ebit_bev,3.182456034361773e-05
per_feature,dbnetis_at,7.412711334230457e-05
per_feature,at_turnover,5.561786775918637e-05
per_feature,sale_bev,8.004551206492277e-05
per_feature,cash_at,2.534227086471219e-05
per_feature,op_atl1,3.394982895163897e-05
per_feature,ocf_at,3.35803626512643e-05
per_feature,op_at,3.3418125494790725e-05
per_feature,ocf_at_chg1,3.765767934661806e-05
per_feature,at_be,5.532454585894208e-05
per_feature,at_me,0.0001000768303250273
per_feature,be_me,9.897785642048497e-05
per_feature,debt_me,5.86918515303599e-05
per_feature,netdebt_me,3.854177212512393e-05
per_feature,sale_me,0.00010936796524523137
per_feature,ni_me,7.328037132538157e-05
per_feature,ocf_me,0.00011187311121223807
per_feature,bev_mev,7.271212452906183e-05
per_feature,ebitda_mev,6.410889035275129e-05
per_feature,qmj_prof,0.00025813136759097685
per_feature,qmj_safety,0.00012004044100952643
per_feature,lt_gr1,4.8712423085817144e-05
per_feature,be_gr1,2.5786388766088437e-05
per_feature,cash_gr1a,6.488874674990561e-05
per_feature,debtst_gr1a,0.00012137710104677048
per_feature,ap_gr1a,3.413772815292758e-05
per_feature,debtlt_gr1a,7.872233723901447e-05
per_feature,fna_gr1a,0.00011415078362915662
per_feature,ebitda_gr1a,4.7176147108984896e-05
per_feature,ebit_gr1a,3.7395434725719185e-05
per_feature,ni_gr1a,3.855507774157256e-05
per_feature,nix_gr1a,3.660913054773118e-05
per_feature,dp_gr1a,4.1807036583729015e-05
per_feature,ocf_gr1a,8.555781238101189e-05
per_feature,dltnetis_gr1a,7.988853519539891e-05
per_feature,dbnetis_gr1a,4.9319738045596765e-05
per_feature,xido_at,8.018283445683967e-05
per_feature,ebitda_sale,2.6960362180640614e-05
per_feature,pi_sale,3.286480859969743e-05
per_feature,ni_sale,3.1558301834593294e-05
per_feature,nix_sale,2.656194496618507e-05
per_feature,ocf_sale,1.8840576949514794e-05
per_feature,ebitda_at,3.445041200393462e-05
per_feature,ebit_at,2.7615283688646744e-05
per_feature,fi_at,7.566014119220199e-05
per_feature,ni_at,3.5348426148023764e-05
per_feature,nix_be,1.838926750982258e-05
per_feature,ocf_be,6.538979107669245e-05
per_feature,ebitda_bev,3.692136311049883e-05
per_feature,fi_bev,8.057760420342676e-05
per_feature,ebitda_ppen,5.805469008919316e-05
per_feature,dltnetis_at,7.526431549194968e-05
per_feature,dstnetis_at,2.005125110675483e-05
per_feature,be_bev,2.0920120759910785e-05
per_feature,debt_bev,2.0585310599017253e-05
per_feature,cash_bev,1.6277314688674472e-05
per_feature,debtlt_bev,5.949812461039982e-05
per_feature,debtst_bev,3.193846220407674e-05
per_feature,ebitda_debt,5.113906875825099e-05
per_feature,ocf_debt,4.590585214221695e-05
per_feature,cash_lt,2.6306967065465876e-05
per_feature,debtst_debt,8.700343855404446e-05
per_feature,debtlt_debt,9.737958192999943e-05
per_feature,lt_ppen,3.421018816273619e-05
per_feature,debtlt_be,3.201940676566058e-05
per_feature,debt_at,2.8441426008309152e-05
per_feature,debt_be,1.8807264083685985e-05
per_feature,ebit_int,4.4127962258547386e-05
per_feature,sale_be,7.422956648952094e-05
per_feature,cash_me,8.696381296128191e-05
per_feature,ebitda_me,8.417729513894299e-05
per_feature,ebit_me,6.585356568393765e-05
per_feature,ope_me,0.00011278714601454948
per_feature,nix_me,8.267366012053874e-05
per_feature,at_mev,7.583004101131035e-05
per_feature,ppen_mev,5.8900406196092545e-05
per_feature,be_mev,3.9663896041020044e-05
per_feature,cash_mev,1.7905426019145426e-05
per_feature,sale_mev,8.810427202358069e-05
per_feature,ebit_mev,5.684034986794965e-05
per_feature,ocf_mev,7.062887624973278e-05
per_feature,debt_mev,7.196707493373349e-05
per_feature,debtlt_mev,2.5974918592813386e-05
per_feature,debtst_mev,8.25595134422959e-05
per_feature,dltnetis_mev,7.282416297433278e-05
per_feature,dstnetis_mev,2.1729955017993535e-05
per_feature,dbnetis_mev,3.7209692797356784e-05
periodic,market_equity,0.00015818770235152138
periodic,chcsho_1m,0.0001263288725264526
periodic,chcsho_3m,0.00013424090126742765
periodic,chcsho_6m,0.00010341608540329618
periodic,chcsho_12m,0.00013997106543683904
periodic,eqnpo_1m,3.4088867584311335e-05
periodic,eqnpo_3m,3.8253520542639315e-05
periodic,eqnpo_6m,3.945515459842379e-05
periodic,eqnpo_12m,8.916315826354547e-05
periodic,ret_1_0,3.057458491336245e-05
periodic,ret_3_1,5.030801938119112e-05
periodic,ret_6_1,3.610015806771117e-05
periodic,ret_9_1,5.420104667185417e-05
periodic,ret_12_1,3.067054360144539e-05
periodic,ret_12_7,2.533419399090538e-05
periodic,ret_2_0,2.828499816738865e-05
periodic,ret_3_0,3.0157496739775523e-05
periodic,ret_6_0,4.197338392259555e-05
periodic,ret_9_0,5.1376176622094734e-05
periodic,ret_12_0,3.6671244257983457e-05
periodic,ret_18_1,5.4303891859793406e-05
periodic,ret_24_1,3.316974275549001e-05
periodic,ret_24_12,6.270595485451242e-05
periodic,ret_36_1,5.1319244133386136e-05
periodic,ret_36_12,5.513522799446946e-05
periodic,seas_1_1an,2.530664767922038e-05
periodic,seas_1_1na,5.086589372998182e-05
periodic,ivol_capm_21d,2.362527472238678e-05
periodic,ivol_capm_252d,4.728279640403345e-05
periodic,iskew_capm_21d,6.093039355619112e-05
periodic,rvol_21d,4.436019201117841e-05
periodic,rvol_252d,7.198708296831076e-05
periodic,rvolhl_21d,5.3233716980685146e-05
periodic,rmax1_21d,4.753037524703055e-05
periodic,rmax5_21d,5.2803603897094335e-05
periodic,rmax5_rvol_21d,4.009098591268411e-05
periodic,rskew_21d,3.650532931108804e-05
periodic,coskew_21d,2.927990094273506e-05
periodic,beta_21d,4.650688810367379e-05
periodic,beta_252d,2.646143564561499e-05
periodic,beta_dimson_21d,3.7672879104017434e-05
periodic,betadown_252d,2.3675916330224328e-05
periodic,ami_126d,7.884532238676912e-05
periodic,dolvol_126d,8.372820722191443e-05
periodic,dolvol_var_126d,2.7983729205516285e-05
periodic,turnover_126d,2.4305214243819742e-05
periodic,turnover_var_126d,1.4819254392932634e-05
periodic,zero_trades_21d,2.113806546428047e-05
periodic,zero_trades_126d,2.0344413381584064e-05
periodic,zero_trades_252d,2.2608993437340055e-05
periodic,bidaskhl_21d,6.658481381236927e-05
periodic,prc_highprc_252d,7.590953736022734e-05
periodic,age,0.00015712802201354247
periodic,mispricing_mgmt,5.810262470428521e-05
periodic,mispricing_perf,0.00010046227080844497
periodic,at_gr1,1.8911978099822587e-05
periodic,sale_gr1,6.181516889531244e-05
periodic,inv_gr1a,4.9374862440648335e-05
periodic,fnl_gr1a,9.142436193845544e-05
periodic,nfna_gr1a,5.3630879604800916e-05
periodic,tax_gr1a,3.896681896852289e-05
periodic,be_gr1a,4.37524844710424e-05
periodic,ebit_sale,2.5025738041222218e-05
periodic,ope_be,5.735729309283973e-05
periodic,ni_be,1.8101108698829195e-05
periodic,ebit_bev,2.8558019433451894e-05
periodic,dbnetis_at,4.1954896065969185e-05
periodic,at_turnover,4.2650628596068914e-05
periodic,sale_bev,7.158431368831465e-05
periodic,cash_at,5.60812893794112e-05
periodic,op_atl1,2.361163401171021e-05
periodic,ocf_at,5.083922522317152e-05
periodic,op_at,2.409111527261605e-05
periodic,ocf_at_chg1,2.9064326181469375e-05
periodic,at_be,4.7986470084045635e-05
periodic,at_me,0.00010935046987772997
periodic,be_me,9.982429470255737e-05
periodic,debt_me,7.36620334040102e-05
periodic,netdebt_me,5.0008315932548914e-05
periodic,sale_me,0.00011419168400607303
periodic,ni_me,6.565709817853835e-05
periodic,ocf_me,0.00014970082927902697
periodic,bev_mev,6.150748466704197e-05
periodic,ebitda_mev,0.00011029402388279172
periodic,qmj_prof,0.00014785586419748144
periodic,qmj_safety,9.601662696998877e-05
periodic,lt_gr1,4.1511359916815606e-05
periodic,be_gr1,4.584498907812909e-05
periodic,cash_gr1a,5.354318041402924e-05
periodic,debtst_gr1a,0.00015441630605588825
periodic,ap_gr1a,5.100341188153834e-05
periodic,debtlt_gr1a,5.802468842375672e-05
periodic,fna_gr1a,0.0001293963150722751
periodic,ebitda_gr1a,1.7573974887454827e-05
periodic,ebit_gr1a,4.3675163612230485e-05
periodic,ni_gr1a,2.2359333371847838e-05
periodic,nix_gr1a,2.6277875173642926e-05
periodic,dp_gr1a,3.5487465981229136e-05
periodic,ocf_gr1a,3.5732565735694764e-05
periodic,dltnetis_gr1a,6.402428150977356e-05
periodic,dbnetis_gr1a,4.960690948792033e-05
periodic,xido_at,3.968795348555431e-05
periodic,ebitda_sale,3.083277370024006e-05
periodic,pi_sale,2.5568361458378304e-05
periodic,ni_sale,2.689436394575751e-05
periodic,nix_sale,2.340786744146802e-05
periodic,ocf_sale,5.0639365884611224e-05
periodic,ebitda_at,2.9508570257045604e-05
periodic,ebit_at,3.49784919975112e-05
periodic,fi_at,3.080456050762829e-05
periodic,ni_at,3.4112374669348364e-05
periodic,nix_be,2.3393108058371588e-05
periodic,ocf_be,8.644192672363715e-05
periodic,ebitda_bev,6.35061333256696e-05
periodic,fi_bev,5.464644234962179e-05
periodic,ebitda_ppen,4.8470432866452035e-05
periodic,dltnetis_at,5.1452152650502585e-05
periodic,dstnetis_at,5.728264609084967e-05
periodic,be_bev,4.250440465208764e-05
periodic,debt_bev,2.752762932686893e-05
periodic,cash_bev,4.27127949842543e-05
periodic,debtlt_bev,5.600320874388371e-05
periodic,debtst_bev,2.7428285126613145e-05
periodic,ebitda_debt,4.640813279668995e-05
periodic,ocf_debt,6.944624220826276e-05
periodic,cash_lt,5.693349376088009e-05
periodic,debtst_debt,6.802394986152648e-05
periodic,debtlt_debt,6.409138196128575e-05
periodic,lt_ppen,2.5114718500844904e-05
periodic,debtlt_be,4.313309743641486e-05
periodic,debt_at,4.2846644531285456e-05
periodic,debt_be,2.9182602838773173e-05
periodic,ebit_int,4.312404232526508e-05
periodic,sale_be,5.2177047867492866e-05
periodic,cash_me,0.0001198479395558631
periodic,ebitda_me,0.0001249553204252152
periodic,ebit_me,6.405344522742476e-05
periodic,ope_me,0.00012401824307744396
periodic,nix_me,6.06693227988823e-05
periodic,at_mev,0.00010720133321835117
periodic,ppen_mev,0.00010090191758839257
periodic,be_mev,6.549314482981571e-05
periodic,cash_mev,3.8450184886945265e-05
periodic,sale_mev,0.00010026380667113696
periodic,ebit_mev,4.847097160867027e-05
periodic,ocf_mev,0.0001371918799607859
periodic,debt_mev,8.892624915461058e-05
periodic,debtlt_mev,3.461970689386362e-05
periodic,debtst_mev,8.613739360346999e-05
periodic,dltnetis_mev,3.694100831732308e-05
periodic,dstnetis_mev,6.192756446277296e-05
periodic,dbnetis_mev,2.947474725563855e-05
ple,market_equity,0.0003981031404570483
ple,chcsho_1m,0.0001538472788767346
ple,chcsho_3m,0.00018823989261060588
ple,chcsho_6m,0.00022340184449907
ple,chcsho_12m,0.00026434984377222764
ple,eqnpo_1m,0.00011772516768663387
ple,eqnpo_3m,0.00010347816107696413
ple,eqnpo_6m,9.207781993306222e-05
ple,eqnpo_12m,0.00020401983392730465
ple,ret_1_0,0.00011172485110667665
ple,ret_3_1,0.00012028077550591355
ple,ret_6_1,0.000127015887513456
ple,ret_9_1,0.00014933741422889092
ple,ret_12_1,9.484717500223874e-05
ple,ret_12_7,0.00012467456380666896
ple,ret_2_0,0.0001248251083385791
ple,ret_3_0,0.00012919119010499952
ple,ret_6_0,0.00013399226098044888
ple,ret_9_0,0.00013588252981814247
ple,ret_12_0,0.00010826946634551863
ple,ret_18_1,0.00011025091850266716
ple,ret_24_1,9.506943154822998e-05
ple,ret_24_12,0.00011442656348056817
ple,ret_36_1,0.0001722024113708661
ple,ret_36_12,0.00014479924082479552
ple,seas_1_1an,0.00010297291040842535
ple,seas_1_1na,0.00014696821348176553
ple,ivol_capm_21d,0.00013421689303110424
ple,ivol_capm_252d,0.00018908299737934914
ple,iskew_capm_21d,0.00010642564647544837
ple,rvol_21d,0.00010708424375631389
ple,rvol_252d,0.00013300978176857827
ple,rvolhl_21d,0.00017487908783247495
ple,rmax1_21d,0.0001038053210830488
ple,rmax5_21d,0.00011279544589569924
ple,rmax5_rvol_21d,5.986817516410762e-05
ple,rskew_21d,8.273164108080281e-05
ple,coskew_21d,9.597935597715456e-05
ple,beta_21d,9.783903548244176e-05
ple,beta_252d,0.00022051836642882945
ple,beta_dimson_21d,7.983015969405945e-05
ple,betadown_252d,0.00018240555432688177
ple,ami_126d,0.0001377234761245442
ple,dolvol_126d,0.00017020470694357456
ple,dolvol_var_126d,8.792906996556365e-05
ple,turnover_126d,9.362122500533589e-05
ple,turnover_var_126d,6.859688448457748e-05
ple,zero_trades_21d,8.589519038650905e-05
ple,zero_trades_126d,0.00010038055913658662
ple,zero_trades_252d,0.00012732894732228787
ple,bidaskhl_21d,0.0001749275424905742
ple,prc_highprc_252d,0.00022724755161107168
ple,age,0.00017526413149122766
ple,mispricing_mgmt,0.00013947348710037963
ple,mispricing_perf,0.0002546107301471541
ple,at_gr1,8.503330155993656e-05
ple,sale_gr1,0.00010166803869045298
ple,inv_gr1a,0.00010799215758500697
ple,fnl_gr1a,0.00013170865167618713
ple,nfna_gr1a,0.00013099180532663007
ple,tax_gr1a,0.00020853586695617803
ple,be_gr1a,0.0001017685957534316
ple,ebit_sale,0.00010251466991879473
ple,ope_be,0.0001324049728979541
ple,ni_be,5.8133455986535396e-05
ple,ebit_bev,7.763313556400437e-05
ple,dbnetis_at,0.0001428914138644662
ple,at_turnover,9.922698194714033e-05
ple,sale_bev,0.00013205543190755026
ple,cash_at,6.657045708076716e-05
ple,op_atl1,0.00011844377664601785
ple,ocf_at,6.321334609310724e-05
ple,op_at,8.447221677973477e-05
ple,ocf_at_chg1,0.00013062009960473613
ple,at_be,9.23651822965136e-05
ple,at_me,0.00021916268909990316
ple,be_me,0.00020184096849940638
ple,debt_me,0.00011248930374070669
ple,netdebt_me,0.00010637407527004448
ple,sale_me,0.00018866140741010895
ple,ni_me,0.00012453037362017012
ple,ocf_me,0.00020162812565104106
ple,bev_mev,0.00010205349095789033
ple,ebitda_mev,0.00011424729977685882
ple,qmj_prof,0.00015496584724436008
ple,qmj_safety,0.00012689487208263019
ple,lt_gr1,0.00010072076418055079
ple,be_gr1,0.00011437069964207089
ple,cash_gr1a,0.0002243475755009665
ple,debtst_gr1a,0.00021673665974958567
ple,ap_gr1a,9.471809467413551e-05
ple,debtlt_gr1a,0.00013267031941116631
ple,fna_gr1a,0.0001652090882362244
ple,ebitda_gr1a,0.00012115551229120077
ple,ebit_gr1a,0.00010459737214963147
ple,ni_gr1a,0.00010752199135519424
ple,nix_gr1a,9.643981947495682e-05
ple,dp_gr1a,0.000172638457576492
ple,ocf_gr1a,0.00015102088592963507
ple,dltnetis_gr1a,0.0002130413724535174
ple,dbnetis_gr1a,0.00014027837223693496
ple,xido_at,0.00016376934801276856
ple,ebitda_sale,9.171790125643988e-05
ple,pi_sale,9.613654710847189e-05
ple,ni_sale,9.831155935899006e-05
ple,nix_sale,0.00010275068546737506
ple,ocf_sale,0.00011222260752523045
ple,ebitda_at,8.611135600707107e-05
ple,ebit_at,8.948134140155161e-05
ple,fi_at,9.855110816715755e-05
ple,ni_at,6.732905811683547e-05
ple,nix_be,5.991107656882376e-05
ple,ocf_be,8.996358434160358e-05
ple,ebitda_bev,0.0001199541801391509
ple,fi_bev,0.00012568490566385057
ple,ebitda_ppen,9.5136418834348e-05
ple,dltnetis_at,9.546148611965088e-05
ple,dstnetis_at,0.00012564229327836074
ple,be_bev,0.00010187534515959364
ple,debt_bev,0.0001048701407565507
ple,cash_bev,7.861615016281576e-05
ple,debtlt_bev,0.00016274330484823918
ple,debtst_bev,7.310773507015255e-05
ple,ebitda_debt,0.00015020373025739292
ple,ocf_debt,0.00014042105522094056
ple,cash_lt,9.322837086680613e-05
ple,debtst_debt,0.00016452750698590536
ple,debtlt_debt,0.0001693629429246357
ple,lt_ppen,0.00013175126729038312
ple,debtlt_be,0.00014901087338330398
ple,debt_at,0.00011033464746712221
ple,debt_be,0.00010528381800819865
ple,ebit_int,8.354007153987673e-05
ple,sale_be,0.00010730063705220043
ple,cash_me,0.0001509394997325823
ple,ebitda_me,0.00019782834358920807
ple,ebit_me,0.00010554419738279342
ple,ope_me,0.00021181265617390942
ple,nix_me,0.00013091544521254644
ple,at_mev,0.0001107813798201581
ple,ppen_mev,0.00011445260211985447
ple,be_mev,8.628182181989055e-05
ple,cash_mev,7.778492345702642e-05
ple,sale_mev,0.00010764196355921742
ple,ebit_mev,0.00010315874663623009
ple,ocf_mev,0.00011751974630290837
ple,debt_mev,0.00014768021918219648
ple,debtlt_mev,0.00011840574029823377
ple,debtst_mev,0.00010818457872877235
ple,dltnetis_mev,8.854276031343032e-05
ple,dstnetis_mev,0.00014037965128712432
ple,dbnetis_mev,0.00011659703994155284
