variant,country,n_months,b1_base,t_b1_base,p_b1_base,b1_full,t_b1_full,p_b1_full,b2_full,t_b2_full,p_b2_full,r2_base,r2_full,corr_base_path2,entropy_ratio,t_entropy,p_entropy,missingness_excess,t_missingness,p_missingness,rc_base,t_rc_base,p_rc_base,rc_path2,t_rc_path2,p_rc_path2,rc_combined,t_rc_combined,p_rc_combined
fourier,ARE,114,0.033516228787122224,5.574200559784219,1.7138712760100816e-07,0.026209715946587397,3.601451747190838,0.0004715807769968272,0.011082625978268716,1.3253382349584324,0.18773242004131285,0.04251447844385896,0.06537576693425262,0.5776064075342313,,,,,,,0.19781930187835806,8.706117230801642,2.9753977059954195e-14,0.19827939261720395,8.938729932483087,8.659739592076221e-15,0.2117049790751873,9.543536382335917,4.440892098500626e-16
fourier,BRA,114,0.04088201729674435,6.636552900531955,1.1615850503687852e-09,0.02562458539216974,3.804819299976842,0.00023079924983626654,0.03893142795780127,4.485046835740752,1.7605536215326012e-05,0.02482809196572209,0.05781001490079203,0.371602171054795,,,,,,,0.10900668329138369,6.667244110780412,9.999476802136087e-10,0.1838028490275215,6.796537121274082,5.303411043655615e-10,0.1887708422172851,7.19013154721801,7.484945996338865e-11
fourier,CHL,114,0.03062510380562032,7.039414132848249,1.5916046258723782e-10,0.03302498259453976,5.393091950024355,3.8471551166985307e-07,-0.008138270502370025,-0.9601521398905846,0.3390286216259495,0.024915083353857267,0.04617616287562668,0.49805325258589195,,,,,,,0.12495572919126598,8.035187809876135,9.956480084838404e-13,0.09696504397028947,4.403815095394764,2.4278527266607952e-05,0.11507784929059246,5.6312235679737634,1.3248764241247102e-07
fourier,CHN,114,0.006016526499641808,1.140890913543546,0.256327488048705,-0.0026049784820349102,-0.588406270896786,0.5574338841994781,0.017601006667476687,3.444789698096751,0.00080288720634214,0.012538112427840574,0.02529634338071444,0.5252359045914787,,,,,,,0.037214963858637276,1.7764466173181905,0.07835047854656563,0.11650907740032394,4.618363972706521,1.0308424286176177e-05,0.10963125604846825,4.3147130611919255,3.439368493984851e-05
fourier,COL,114,0.02863195296455664,5.716856494823057,8.978401888626308e-08,0.024483391934298087,3.4020395522811957,0.0009257373360989085,0.0071796615116869085,0.8069282495197889,0.42140297645745406,0.03233803168229131,0.0737050980168898,0.4505681947303719,,,,,,,0.12824507292109372,6.137450393767032,1.2749021838232011e-08,0.118826945575256,3.0191098030179906,0.0031343015434250887,0.1446878604130984,4.576538449985889,1.220586712147309e-05
fourier,EGY,114,0.04856713421358308,7.689614474249488,5.922817791770285e-12,0.05014388418999497,6.650438760348388,1.0854852572350637e-09,-0.00567961067259854,-0.47443270522996256,0.6361069213956496,0.03095317071490915,0.053368891238582426,0.5623661781758389,,,,,,,0.180864255042607,9.626212899570522,2.220446049250313e-16,0.13516643221676833,4.140257878567288,6.712991333523988e-05,0.15933271320719583,5.309426068043434,5.56265910667264e-07
fourier,GRC,114,0.04789850201115924,5.004939416704671,2.0720178575128756e-06,0.04701862464353979,4.696962519484685,7.485377675475746e-06,0.0018518042245138768,0.2189112594439965,0.8271140777754196,0.029795152007005672,0.05074644104542629,0.2690004360005631,,,,,,,0.11661528746053025,5.124492557096208,1.242780840904345e-06,0.12164740034760235,5.342492456394661,4.810071561056617e-07,0.1332871489934337,6.192895320716882,9.809504986080242e-09
fourier,HUN,72,0.04580346663651406,3.6783219449386686,0.0004532746385157438,0.03473781888970315,2.089198930001226,0.040274788872860956,0.025152344074397686,1.120236721267996,0.2663880170211699,0.05057549365881833,0.14026601826474316,0.4109468234416121,,,,,,,0.17339597642303925,6.530561868944631,8.421696229277131e-09,0.27625867992617814,6.413376002605489,1.37143749689983e-08,0.2877897165486982,7.271649238196588,3.7196401514449917e-10
fourier,IDN,114,0.055368861496440276,8.218095695790971,3.843592111252292e-13,0.05275232380023591,4.819119246977165,4.5231894183483945e-06,0.0029621466075257633,0.22836101526105088,0.8197783300019865,0.021986054045799126,0.037632487465104676,0.5170062751626003,,,,,,,0.16378283752861625,10.046028188431514,0.0,0.16745034225747507,7.150599041973077,9.127676392495232e-11,0.17947503577719545,8.502272213613685,8.681944052568724e-14
fourier,IND,114,0.04894389383833105,6.053419324020758,1.8928002054607873e-08,0.04366115449091574,4.784487802166002,5.221601741656201e-06,0.018266326434769203,3.016905378603162,0.0031554489280964937,0.017513138908739852,0.023832083211686624,0.3064620152716996,,,,,,,0.06602289526744382,3.596308527948558,0.00048001438776679173,0.11484652245466972,9.67846458003693,2.220446049250313e-16,0.11780676917308935,11.201318184185116,0.0
fourier,KOR,114,0.0228899878398856,3.2807871014457635,0.0013770507595312065,-0.006353530853698181,-1.1438187083788192,0.25511611268027634,0.039737812780591034,8.047274482042715,9.350298313393068e-13,0.017581337214269563,0.029718400285909587,0.7347275045797601,,,,,,,0.1413681439475966,5.899985828023599,3.86925209650002e-08,0.18900911544458543,7.857289824227424,2.4997781622460025e-12,0.1888759814458622,7.5978878315302225,9.473755113731386e-12
fourier,KWT,114,0.021799099481590496,4.6580761040156355,8.773030717890151e-06,0.02866544161085618,5.417517332208723,3.4525181158429064e-07,-0.014054391831737708,-1.5298242092360859,0.1288548909722722,0.015659756719121974,0.04049612319034439,0.4408060339238042,,,,,,,0.07209325382411996,4.913444613191487,3.049758372730693e-06,0.07718460151790713,2.818346779289627,0.005700445041784796,0.07987754097170917,2.9654103636203946,0.0036885302818614463
fourier,MEX,114,0.012918415319343034,2.8790946385362033,0.004771303312741226,0.00661816176766425,1.1678565694040648,0.24532283922516895,0.014180333468101835,2.950005906509804,0.003863432040131398,0.012455987766645775,0.03031639362739233,0.4677122020501792,,,,,,,0.020613319913788692,1.2447207248695897,0.21580976703396182,0.04983238074245033,3.6291583436888746,0.00042850652562842484,0.050875784881850517,3.6437197249856674,0.00040738806492712776
fourier,MYS,114,0.03330100769595292,5.395840824013037,3.8006287872427436e-07,0.023223873404289636,2.889229462289017,0.00463054944358432,0.017583294469508345,1.7080909721088275,0.09036519969443146,0.014520192769034601,0.0370860989634753,0.40906663873899046,,,,,,,0.10364066949616647,6.510637156317277,2.1416932671769473e-09,0.17308847836056995,6.574731427298307,1.569510077459313e-09,0.1748095453065507,6.957852260305066,2.3884760835812813e-10
fourier,PER,114,0.04078406947886289,8.507378408514912,8.459899447643693e-14,0.0387599386844746,6.946936179763343,2.52149634505372e-10,0.00305984782412068,0.3862239726813452,0.7000570503007559,0.027298245724637387,0.04033941877927073,0.5264301270494297,,,,,,,0.08961959041074681,5.666877635645093,1.127136421974484e-07,0.07625731391179662,3.339899977568789,0.0011360902439019327,0.09274844612802242,4.5651740834561725,1.277718988057508e-05
fourier,PHL,114,0.02759163708348579,6.933956652619068,2.6892288396140884e-10,0.021780467567549314,3.808186642035307,0.00022803418705019673,0.009925773351298088,0.88856428218197,0.3761248618330866,0.018920838345208506,0.0442820402713047,0.6015605147730336,,,,,,,0.13499505193301414,9.600765897996384,2.220446049250313e-16,0.16724275706355166,5.807777931952167,5.92108675423475e-08,0.1721233686525122,6.3719406199460344,4.178161372436762e-09
fourier,POL,114,0.050150216128686226,7.0878828677947965,1.2494849599420377e-10,0.04476159503052011,5.986978681638097,2.5824336002955306e-08,0.01028944649798877,1.1895426309819306,0.23671964639380016,0.019851833149938655,0.027777352620535347,0.4005204676720957,,,,,,,0.12522246057053069,6.129461252148748,1.323855558510445e-08,0.17367856095909098,7.714639776095577,5.2089443869363095e-12,0.17924252352267753,8.314230423390153,2.327027459614328e-13
fourier,QAT,114,0.012017831397529138,0.9371588046718867,0.35067553640025917,0.017415413491303582,2.413580335959311,0.017403571729134315,-0.011533056557351262,-0.8883587333029955,0.37623490687414485,0.08676663603394617,0.14155480261665235,0.5992470531971698,,,,,,,0.15780458522057836,4.093616341001243,8.003084004370997e-05,0.1362914339236715,2.82472134570847,0.005595705994525302,0.15116105316199266,3.084441191647729,0.002563967599688022
fourier,SAU,114,0.025492980323534427,4.0084647828279465,0.00010994533497599157,0.026063238221830085,4.748701091296109,6.052894872876635e-06,-0.0014539307717735526,-0.12242527569741471,0.9027796863256761,0.034384943471613916,0.06693175566368233,0.523739589544005,,,,,,,0.14062988293631845,4.9494708737774245,2.620464197411465e-06,0.12208482405569548,2.799957240078516,0.006012718017726293,0.14199781302190528,3.3615883861597706,0.0010580455333530914
fourier,THA,114,0.03594034884656847,7.729153609071873,4.834799227637632e-12,0.031201268668041893,4.086806955149635,8.210239813011277e-05,0.007103578143098451,0.7143651175979758,0.47647453703231046,0.02187139749845612,0.043728801694986746,0.4924235534308226,,,,,,,0.16883862601280958,13.099070954056433,0.0,0.17017935075713245,7.308721069418632,4.118549945530958e-11,0.1873127756680677,8.46078411190319,1.0791367799356522e-13
fourier,TUR,114,0.02413532848128199,4.592629693321902,1.1438975211941482e-05,0.01639643500974814,2.84201432748456,0.0053203679865034825,0.013700975584351882,2.22800823110021,0.027860032763964426,0.008697282695240338,0.01390799855073764,0.5559742233634901,,,,,,,0.09626104560016485,6.842999590723138,4.21779500214825e-10,0.11655243460342554,6.97964046355652,2.1433876895571302e-10,0.11948016144629539,7.190307459385127,7.478351271572592e-11
fourier,TWN,114,0.02515860398936162,6.662351876252061,1.0241372194741416e-09,0.022040336298888092,4.832693292719569,4.274945283988529e-06,0.005998932320555166,1.1651106258227184,0.24642785319233207,0.012195420755409424,0.019858601071821205,0.5801332727905509,,,,,,,0.13761695953210346,10.726839957327782,0.0,0.1540066882953912,9.726906891867646,2.220446049250313e-16,0.16337424175158005,10.539593605683162,0.0
fourier,ZAF,114,0.03576510638647498,6.17449492095195,1.0702238650850404e-08,0.03289563668557138,4.130473983887506,6.965886138465827e-05,0.004973109825558483,0.5524514810729438,0.5817301823229961,0.01993903872794887,0.04031066180925402,0.45212868534463313,,,,,,,0.08264861651498331,5.589956869043794,1.5964067712204155e-07,0.08259278823743701,4.180803861348755,5.755712258204149e-05,0.09440574150814618,5.2442204966431785,7.398614991771524e-07
linear,ARE,114,0.02372198508107837,3.1224746729058594,0.002277874429702509,0.01767176314908563,1.9134262768651826,0.05822367313742105,0.010445894922774167,1.4884405720526428,0.1394202344001707,0.04721916552198701,0.06205302142089931,0.6765624965164888,,,,,,,0.16348842377917353,5.84381080987434,5.016067738949914e-08,0.18118224223080348,9.133437150017002,3.1086244689504383e-15,0.18390093295986654,9.22374374571589,1.9984014443252818e-15
linear,BRA,114,0.05075724601732117,7.9368165345571,1.6575629757653587e-12,0.03861823168329715,4.543804835436171,1.3922280104772256e-05,0.014340615188358117,1.2495668000792857,0.21403981841974629,0.042024761434315,0.056504589019253725,0.8051534144420772,,,,,,,0.16363196967702812,7.030210086663672,1.666347060336193e-10,0.17753644593806378,6.919608511413473,2.887512451366092e-10,0.17845410978458945,6.946808635507845,2.523092845763131e-10
linear,CHL,114,0.008736926115961725,1.496232746935064,0.13738083036684445,0.006248410733040826,0.7489420853346221,0.4554482830444315,0.0024981724268983954,0.2894174821249078,0.772792258240885,0.02203574946262707,0.04428224904642771,0.6255182624916206,,,,,,,0.06418898167789584,2.1675057098655324,0.032294597915028644,0.09271423364980419,5.557163510401996,1.8504138976638274e-07,0.0863900651811372,5.415889256668241,3.477542986907167e-07
linear,CHN,114,0.018800042637716605,3.169234530398912,0.001966776349891397,0.020256519705980944,2.638055609713247,0.009513583474612508,-0.001428809419451088,-0.16476314160451191,0.8694247934588057,0.023600874166798187,0.029022224105911137,0.8837211394227681,,,,,,,0.12998113647933882,4.775773463152833,5.413190784953059e-06,0.1180758332861591,4.833872078775817,4.254022739180741e-06,0.12084574656959877,4.858894924341312,3.832632287537052e-06
linear,COL,114,0.020530870587806067,3.6347229952024183,0.0004203166420968518,0.016240003352625505,1.497316138559132,0.13709913538711205,0.007146041998317736,0.6370354825005289,0.5253902368357295,0.033093518541243254,0.06946630304489572,0.6388030441267928,,,,,,,0.09611060551124558,3.3579934392565693,0.0010706244094984552,0.13164746558509546,5.319952495287765,5.311389423834356e-07,0.12928258306746862,5.367920452952887,4.299924694084467e-07
linear,EGY,114,0.022394255770549744,1.7812170207993614,0.0775636574626637,0.00740983123934374,0.5621308911192165,0.575140214256816,0.01740043814217095,1.6500311961819152,0.10171357056939345,0.04231844076162063,0.05438996559258272,0.8249626107780321,,,,,,,0.15449438420881875,4.77766177676061,5.371105103790796e-06,0.15506115553927155,4.824877330020519,4.416221436986945e-06,0.15603249497919353,4.85975088910502,3.818959485091256e-06
linear,GRC,114,0.021725984402089962,2.273268941525952,0.024899778555944607,0.019399726275501135,1.58064933317962,0.11675337766013305,0.0019565421137599003,0.21679283786878112,0.8287607108616328,0.029778358369705445,0.04452964950796132,0.6716826181428236,,,,,,,0.08253062884352823,3.6833946094484578,0.0003547337866676159,0.11025914532602507,5.603205916869813,1.5037688916308412e-07,0.10959215732337896,5.470743328818652,2.7247125222729096e-07
linear,HUN,72,0.03985046201558759,2.1479773097482187,0.035129134900850456,0.03970686277342614,1.1290234311466136,0.26268824697873816,-5.1568440988488305e-05,-0.0018844008104697558,0.9985017512369518,0.10115608451045303,0.14615785146594418,0.8319289820242372,,,,,,,0.25559177229190877,5.827478489619952,1.5189269997328836e-07,0.24015984394460727,5.2490970762043885,1.5195814202506597e-06,0.24099873364757082,5.231199935534958,1.6295727303106133e-06
linear,IDN,114,0.033805167942208475,4.311305941171094,3.4851688943460246e-05,0.038182917777350375,4.908533396481623,3.113334728688244e-06,-0.004890699321631372,-0.3852503757520962,0.7007761413991793,0.01905153955881865,0.025185738177679058,0.7933587671321326,,,,,,,0.1636000334835366,8.387509248097292,1.5853984791647235e-13,0.15873216230686402,7.2195333814956575,6.456479795247105e-11,0.16006341562568202,7.2867282792290595,4.602185299518169e-11
linear,IND,114,0.045448300180632846,8.87424974788556,1.2212453270876722e-14,0.04327200196577513,4.856910892173823,3.86450740053057e-06,0.003181494238842491,0.3366223458542637,0.7370259558341874,0.013672915916632444,0.019828080866797698,0.6425659387498102,,,,,,,0.11054620604916555,9.677429686900508,2.220446049250313e-16,0.11712997679949684,8.636895216417706,4.285460875053104e-14,0.11903322989599267,9.026970921284459,5.329070518200751e-15
linear,KOR,114,0.03553709804377135,4.882924563993355,3.4662838195309575e-06,0.03854152491572463,4.718566657002705,6.85119956345126e-06,-0.0035130396931892186,-0.5628873130591259,0.574626734635991,0.027586187062175513,0.02969272267759292,0.8959666566334552,,,,,,,0.18946380238643235,7.537119411689441,1.2920109426772797e-11,0.1842624930983023,7.7928199418479185,3.4849900742983664e-12,0.18635570158752918,7.765951688611557,4.001687869958914e-12
linear,KWT,114,0.006261562809041109,0.8295982957305474,0.4085150540075153,0.01913805891223471,1.8448120736058415,0.06768367489577498,-0.015519303164896374,-1.2787460795820687,0.20360647249335884,0.02568497801634342,0.04101138928621833,0.7015573341448427,,,,,,,0.056268572342419526,1.8286721037264086,0.07008612749276555,0.07943705859287421,2.809956941448318,0.005841027318671976,0.08012139474344421,2.7803913072440403,0.006362049209495346
linear,MEX,114,0.013836035423632358,3.720731814523328,0.0003111266781135047,0.0036272276106350267,0.5111128201620028,0.6102692607151723,0.016598573578319797,2.3558378361837935,0.02020425756081945,0.01422977886740024,0.0366087777618692,0.6182856827248353,,,,,,,0.021712829364765474,1.0125941902342868,0.31341732262365274,0.062273317932412066,3.846175370252185,0.00019894534330777702,0.05891109582977893,3.7448487437919766,0.0002857173403769675
linear,MYS,114,0.028354336977948254,3.787712696867911,0.0002453455841835428,0.022434629752673553,2.9329682006755755,0.004065747684611543,0.006951847106239083,0.908080713034151,0.36576815378661043,0.022698367346008493,0.02814772328559164,0.7929916168522485,,,,,,,0.15323348665108083,6.755185627965234,6.499283333738504e-10,0.1620714640102821,7.0700367093745,1.3660295117290389e-10,0.16361700846629368,7.089750090438624,1.237876467996557e-10
linear,PER,114,0.029150020681964584,5.028889193532227,1.8713663301195282e-06,0.017588831626442716,1.8746576852349939,0.06342193006943897,0.015699812638256705,1.4269403599111308,0.15635442971481828,0.022683330340920283,0.03604687869151006,0.7217361650151608,,,,,,,0.05901483755376152,2.7159601705136835,0.007647196585814697,0.08299038835475162,4.052973928505873,9.317970071465176e-05,0.08102368444121172,4.057298168476127,9.168803969084038e-05
linear,PHL,114,0.020887016200233633,2.480546248769628,0.014591831548700807,0.01249483229239811,1.8122422439354786,0.07260414199820997,0.011064632388906984,2.185733969454369,0.03089811268212861,0.033638132152443816,0.04101341986685066,0.7775287051692963,,,,,,,0.13979180092495858,5.986849354423851,2.5839916872882895e-08,0.15524691273364552,5.889547493888547,4.0608293616628544e-08,0.15635059241734636,5.919393125193873,3.536378256896455e-08
linear,POL,114,0.03379709560507691,3.841597721111155,0.0002022535426207117,0.03414523385487163,2.8943578371118033,0.004560786929870719,-0.0006655880937680286,-0.0692543412289357,0.9449095734128226,0.01730165395764957,0.020760282684084537,0.8338485618409522,,,,,,,0.16177430851763086,7.411720239855404,2.4450885760529673e-11,0.17099474922753635,8.5889317137177,5.5067062021407764e-14,0.17293275401133604,8.583142480176189,5.684341886080802e-14
linear,QAT,114,-0.00018713191475447718,-0.013673535591609812,0.9891145492219071,-0.002585611569285631,-0.26823797064834154,0.7890052073615101,0.0026271225985681607,0.2653046579372056,0.7912581592095598,0.0856206147874993,0.12042948797510482,0.7865226380761997,,,,,,,0.12095742597643742,3.277044253082253,0.0013938125493608844,0.13289228405753578,3.007348151203667,0.0032486658433719118,0.132941705151922,3.0072505084484042,0.0032496311925525045
linear,SAU,114,0.014801511673654467,1.5907503520231285,0.11445960782421971,0.022344788813904864,2.319497866231457,0.022164755350384535,-0.009245139967378491,-0.7916634318565361,0.4302156191906823,0.035382859168537374,0.05155079567218132,0.8667214266715266,,,,,,,0.10893778554527848,3.3621140801970024,0.0010562177602726486,0.10845999728332059,3.0055944954997154,0.0032660438179872298,0.10913097090571164,3.0241628315781424,0.0030863201060058465
linear,THA,114,0.023140476606593307,3.644252232760473,0.0004066347550331084,0.011473626589429142,1.7619907742831282,0.08077508258804467,0.013561383263683438,2.5770520819801193,0.011252431079983749,0.02853332047819906,0.03393888034168501,0.8543065958819164,,,,,,,0.17011804771038183,7.4736051212026675,1.7855050771231618e-11,0.16765174515668152,7.908181102186391,1.922018100231071e-12,0.17107624991658069,7.863112323690984,2.425615264201042e-12
linear,TUR,114,0.027226819678972614,3.8431408058746914,0.0002011325707191869,0.03823819226621886,3.6038458070899972,0.00046770305861554284,-0.013173051313752291,-1.4550728219020364,0.1484214739065095,0.013272023560553247,0.017502891771702663,0.8585446265933155,,,,,,,0.13072378641202284,5.9708876852937935,2.7835626692507276e-08,0.1183535480642452,6.2215060838338365,8.565037123986485e-09,0.12026679825035706,5.964161812354193,2.87212578164997e-08
linear,TWN,114,0.018840614075591736,4.5924476120508935,1.144738647074206e-05,0.01633506472206589,2.6391028684932927,0.009485978131074102,0.0028574629369154405,0.5257876966780314,0.600066044156881,0.01395913472091504,0.016460472194385782,0.8865002755273984,,,,,,,0.14378366748311755,8.82207904313029,1.5987211554602254e-14,0.14079885348337245,9.951897933295337,0.0,0.14304082624766903,9.775785898506825,0.0
linear,ZAF,114,0.018724239588391166,2.902729274327116,0.004448977934331522,0.010811988009123131,1.1439146418748043,0.2550764885472194,0.009380426007375339,0.9659433445222061,0.3361352811513305,0.019926015055200648,0.0312009863222742,0.796453952100874,,,,,,,0.06263095003656535,3.278306548496062,0.0013881383573000061,0.08422124251321988,4.090216100635483,8.105892703591522e-05,0.08181368725202566,4.034170328933342,9.994038821847795e-05
per_feature,ARE,114,0.0185739454329902,3.1999732809341443,0.0017843118223668242,0.011139024244295513,1.7966011148629537,0.0750705517631085,0.02231986109171628,2.8236604138326857,0.005613014975211383,0.02699930955936066,0.0645423657878033,0.3113944631645874,,,,,,,0.10891080589002049,3.8232155915271004,0.00021607286370906031,0.18528330495042616,8.051672974500182,9.139355938714289e-13,0.18333321976387945,8.02554338047196,1.0467182676165976e-12
per_feature,BRA,114,0.03196220548550671,5.7499704130737435,7.718184780181048e-08,0.00785385655457812,1.202970239699113,0.23150225063967578,0.05023131025997187,6.711100415912568,8.068345991318893e-10,0.021983678135476876,0.04933255750945897,0.47579272458208594,,,,,,,0.09417867238045856,4.5809193059846915,1.1992291143236855e-05,0.14914106334954982,7.930886454136469,1.709077324107966e-12,0.1490084810807966,7.713063861635523,5.2513549064769904e-12
per_feature,CHL,114,0.008875677848011056,1.0327632143740166,0.3039200164872544,0.0063338674579728835,0.6316895277875723,0.5288656307175099,0.008947585192031869,1.5192386264040088,0.13149549417171147,0.04376089354706033,0.06276054860456559,0.33097073032670044,,,,,,,0.017964376750692523,0.37651190749468366,0.7072424039386487,0.07221821970017854,5.041602520433738,1.7726738505974282e-06,0.06491904886513225,3.4124363137962894,0.0008943325357149146
per_feature,CHN,114,0.013050752762459962,2.2053038579575395,0.02945760287858845,0.009525161840002933,1.4001055458062055,0.16422136732992398,0.007097487286948961,1.2581434909633131,0.21093337183146277,0.019696998222038065,0.027152991279853496,0.5746241073009218,,,,,,,0.10837786547040763,4.110378825844271,7.514248471740537e-05,0.10076804488142507,4.35519018629735,2.937697067850742e-05,0.10191171187852292,4.361893270162623,2.8617333670322154e-05
per_feature,COL,114,0.015277452914030884,1.661702132893978,0.0993443960356184,0.014752652875563191,1.3614626346025485,0.17607603030646368,0.0041753761554157555,0.640507013373779,0.5231397589767792,0.06440070810106788,0.09452355188588007,0.3312684721274581,,,,,,,0.037406091960118355,0.7692406724772777,0.4433553704614239,0.033551014866590255,1.566609278464298,0.12000222695173246,0.06105624818258358,2.555227459253893,0.011940851920356321
per_feature,EGY,114,0.021482313163724977,2.6162327217724686,0.010105589797029912,0.006728963127346973,0.9594713936034713,0.33936978940177953,0.02457119465095393,2.1938495391575956,0.03029346343659478,0.02897014581047352,0.051508931889358886,0.5423756004370035,,,,,,,0.14482770964542618,5.467650884763836,2.7625410647935666e-07,0.13603997702365184,4.626067428423713,9.991567093914355e-06,0.14214013867879435,4.963204350482956,2.472797472341526e-06
per_feature,GRC,114,0.026100678030752975,2.6448785472142893,0.009335029819966367,0.020259392711987213,1.953957926598114,0.05317731130749381,0.022555009131458734,3.0282395496383026,0.0030481049329347254,0.030918845731704492,0.04926041459649915,0.2802089284910083,,,,,,,0.03334469070182179,1.4191798285487252,0.15859915805538272,0.12046445159703169,6.242415528283895,7.755224462613342e-09,0.11440863312259585,6.292440688758153,6.111348538340167e-09
per_feature,HUN,72,0.03845179547612064,2.8434858077114717,0.005823900372251334,0.02892688091069208,2.317201649782402,0.023380937558524995,0.020785717862702693,1.0544599413380433,0.29524753810989646,0.059957860353166144,0.13245830557206062,0.45815335058373535,,,,,,,0.21937998881358334,4.985338229077025,4.215437987786785e-06,0.21367772281953745,4.5293468747827506,2.331097767815926e-05,0.22560487644532845,4.728435256655161,1.1147960190971418e-05
per_feature,IDN,114,0.029381577183630166,6.8012362368348995,5.182112516877169e-10,0.01600569695898831,1.9784058706335992,0.05031627194391164,0.026358587457096162,1.990363343884462,0.04896522436963324,0.010502910909343964,0.025160338041783758,0.5795422806829243,,,,,,,0.11842465914277032,7.890539813315486,2.105426943899147e-12,0.1606266906529282,8.436300352055287,1.2279066652354231e-13,0.1598026625785943,8.858559347202739,1.3322676295501878e-14
per_feature,IND,114,0.045298200205232335,6.299761205315828,5.901564126276071e-09,0.040625981170288414,4.8569762789920885,3.863452816776913e-06,0.019268212155353247,2.327647944498255,0.021711042393008917,0.017069257879713588,0.025671563985959878,0.3065063724044354,,,,,,,0.06113040978596667,4.2541842109838495,4.3462452196108003e-05,0.09946210906802667,6.654569733873586,1.0638119274375413e-09,0.10246623225087083,7.576596076585031,1.056266185628374e-11
per_feature,KOR,114,0.021984154064872363,3.1407097224364513,0.0021514846605059645,-0.008987837292217797,-1.8313930688953535,0.06967620817806353,0.040448144388725515,6.422477099594814,3.277482951702382e-09,0.01740887060463759,0.028907975897857548,0.7686321881396099,,,,,,,0.1547160097655204,6.4046552782198445,3.5708056511651876e-09,0.17767184476657596,7.286141474107176,4.6158410427210583e-11,0.17687775345112866,7.209721901903783,6.783085204631334e-11
per_feature,KWT,114,0.009158750892487124,1.3890490899949224,0.16754924180010766,0.011253409429510777,1.4978829746931688,0.1369519311142542,-0.0015996039764587186,-0.18594172921219781,0.8528238338441532,0.02243623125354143,0.04281347734243627,0.40066674472870323,,,,,,,0.010049430748509438,0.4226625335980594,0.6733446953882427,0.08004599551451526,2.9522544012461704,0.0038374355301504792,0.07408494266330516,2.6472143816521365,0.009274601586695574
per_feature,MEX,114,0.007932557761659872,1.218856332868602,0.22543709846705662,0.004456732157334276,0.5462584411832926,0.5859652248321217,0.012125048806496735,1.6057786750370011,0.11111359959544886,0.025800961031677363,0.047193877297686516,0.35226944598589727,,,,,,,0.003567349508975263,0.1369169093159192,0.8913401204435014,-0.008843848854427464,-0.35332830793692727,0.7245006297490111,0.00512446244030021,0.22214154333449407,0.8246046869103374
per_feature,MYS,114,0.02105471889246184,4.059540111526111,9.0923696637768e-05,0.009375851979583863,1.9640088730601077,0.05198483611742799,0.020159799075390943,2.642153357356037,0.009405980435629235,0.009454437729510322,0.022919689438144552,0.48889949326697496,,,,,,,0.09469561596306073,5.131319477130382,1.2067818750960413e-06,0.14067829852523211,6.715759146649704,7.886256092604071e-10,0.14017161573737502,6.748384914344607,6.720000111926083e-10
per_feature,PER,114,0.02011006233495892,2.992102085908877,0.00340264512502797,0.010132422666504742,1.0217623659684285,0.3090758842545611,0.01928725224863902,2.0808441776700435,0.03970804970540809,0.024904342473847277,0.04546392385318978,0.5503310622347182,,,,,,,0.01825910244478517,0.6647474134515862,0.5075664077504589,0.030586948427494026,1.2974219539064016,0.19712853800704355,0.0397823041587437,1.7885557157461505,0.07636597050647254
per_feature,PHL,114,0.016777113330458285,3.259624407716631,0.0014743630302729294,0.01042698032672964,1.9559528676438531,0.05293880046415533,0.015330073397466231,1.8147187048131466,0.07221986762326771,0.014349667757054265,0.03931255132619704,0.4068119780631833,,,,,,,0.09724079271114151,4.987682803138567,2.229417173538195e-06,0.13649758161526868,5.344897879746548,4.7593849705762636e-07,0.1395827639747838,5.524920308691343,2.138595294187695e-07
per_feature,POL,114,0.04155033300680717,6.916742043978963,2.928823850112394e-10,0.03167476877213463,6.139438781615303,1.2629979728728813e-08,0.012621019669027178,1.2993086210041538,0.19648272593776106,0.015444149367585784,0.02382596559952658,0.5265391273838668,,,,,,,0.13155096152045975,5.725196933075144,8.643167803690233e-08,0.16284424806528766,7.0358264977620735,1.620334977303628e-10,0.16505125322017325,7.370918743463235,3.0069058354342815e-11
per_feature,QAT,114,0.01207197127477339,2.5924050801518033,0.010789766887868701,0.012189299683194127,2.210949103542853,0.029053096372150478,-0.0054588152502407245,-0.3259350659046785,0.7450762992344848,0.03440040891366475,0.11613557553301397,0.48033096456149854,,,,,,,0.10937752136634152,4.572206499522367,1.242067299145333e-05,0.12390699607151245,2.8185534386333946,0.0056970215581029215,0.12097164589355844,2.860364705567948,0.005041798609300763
per_feature,SAU,114,0.019551191904162,5.34579359809479,4.7406442527098136e-07,0.012579551134013989,1.568077584615341,0.11965913932514605,0.010833551641227268,0.8445774040879062,0.4001314079177112,0.016910077232979777,0.05923028214665394,0.5174260588073538,,,,,,,0.09205257023903557,5.76740405118015,7.126213152908178e-08,0.10723816098617264,3.258193772847499,0.0014811679606392403,0.10481464882435308,3.4691097951644405,0.0007400165229507483
per_feature,THA,114,0.018525242858138825,4.657698948914885,8.786513145953023e-06,0.00525423899693347,1.569331025289603,0.11936687407549051,0.02177310138991957,3.7887062547204065,0.0002444774226419977,0.013247965172178407,0.026429503644607683,0.5921948228381012,,,,,,,0.11820571349071307,6.355841186532481,4.5133818904474765e-09,0.14008854027333248,8.523141434684954,7.771561172376096e-14,0.14247555343351664,8.574049799441578,5.950795411990839e-14
per_feature,TUR,114,0.02666274601152536,3.621961879982829,0.0004393220680876109,0.017360415965369393,1.7260198799538689,0.08707706238125756,0.011894303528217224,1.2416875951258584,0.21692298840776703,0.013119794346028326,0.019063743071827392,0.7591325458225576,,,,,,,0.12040281994415487,6.8386671813637925,4.3089509738081233e-10,0.12481156166457306,6.529118032450677,1.958344375552201e-09,0.12665386318207322,6.624062110318006,1.2345271471758679e-09
per_feature,TWN,114,0.016475208029976835,5.0244198744247095,1.9073160351101848e-06,0.00595792567773584,1.6848349283025374,0.09478040462693116,0.014963211017561729,3.1711385000839045,0.001954988292685922,0.007938427562843235,0.013736962772227723,0.703006227845691,,,,,,,0.12458590232423362,9.538531765165743,4.440892098500626e-16,0.13458567085568718,9.99729041546737,0.0,0.13426085505958577,9.978879771689487,0.0
per_feature,ZAF,114,0.018882358926144142,4.56602607432393,1.2733476165260882e-05,0.007769712986843498,1.3611239594746907,0.1761827131297582,0.021309483002216398,2.313962017329237,0.022477680751318285,0.01340305651679039,0.03352352600032652,0.5002582299978454,,,,,,,0.025564581156847656,1.4645091610718086,0.14583148250620104,0.06316095515475612,2.629119166997428,0.009752113456622968,0.06173245135426754,2.937123974601503,0.004015520362988356
periodic,ARE,114,0.026076935939790557,4.360660727664217,2.8755578875161447e-05,0.013417590226641187,1.794975503573107,0.07533082136813607,0.017949383259131094,1.98120092637112,0.04999766183401744,0.035735879030912174,0.05952407048133182,0.6752390945678269,,,,,,,0.16890154835775364,7.293928883434226,4.437938905255123e-11,0.19428841851725875,9.49784264550273,4.440892098500626e-16,0.19686883577494088,9.81363822799263,0.0
periodic,BRA,114,0.05170628337030042,8.817583368768018,1.6431300764452317e-14,0.024948544518047854,2.391183152726021,0.018446127941641688,0.037522491665888946,3.129464170591531,0.00222863591474054,0.03540854598169097,0.06146820914346252,0.6810339494277723,,,,,,,0.15486141091434621,7.90116094857706,1.993072373807081e-12,0.18465972862848445,7.778251457859449,3.756328581516755e-12,0.18643073477538033,8.02078302612397,1.0729195309977513e-12
periodic,CHL,114,0.015661037606829478,2.60332043696734,0.010471329289181597,0.011245955937909188,0.9948748652917995,0.3219227561138336,0.005501214496136731,0.5362455572034523,0.5928429235579422,0.027352413796279795,0.055844387753187494,0.6710363206481444,,,,,,,0.08211461247916094,2.875957322826035,0.004815663603072506,0.08880272638522865,5.342613396252549,4.807510596283038e-07,0.093691427372226,5.6754181201375165,1.0842465436589066e-07
periodic,CHN,114,0.013727727199421159,2.110210066326422,0.037046643175263405,0.009818882499060103,1.3142557309541325,0.19142170108160173,0.006654835910321643,1.1726142845739944,0.2434166015156931,0.02352079303393731,0.030300751014619813,0.6333995109464997,,,,,,,0.10550029503664385,3.850076529965233,0.00019616675059030975,0.09762991208730676,4.294005500735974,3.7269339659973255e-05,0.10189858984993212,4.320221772111938,3.366540165883336e-05
periodic,COL,114,0.02746367257811569,4.717853572053054,6.871274831565799e-06,0.03065564547763319,2.8653755200370523,0.004968088970886297,-0.004310204740503625,-0.419498091847478,0.6756485965205967,0.04991679004683957,0.09407009321646956,0.591360775162338,,,,,,,0.13147111949179754,4.35481196108148,2.9420407453129016e-05,0.07792478221162852,3.2513354388947984,0.0015141993375862306,0.11400848506696229,5.589722090919074,1.5980977585705602e-07
periodic,EGY,114,0.03194510867102045,3.127851871007601,0.0022399054982034095,0.03377801826595507,3.3724650531754072,0.0010208261364463844,-0.0028588802346393508,-0.3088968802955602,0.7579687609375663,0.0361744950234341,0.04774825571760954,0.7986978688107285,,,,,,,0.15436223370305419,5.755363071264948,7.530098122821016e-08,0.12954862496595765,4.526020299091711,1.4950327802853991e-05,0.13736526695018397,4.8379326103918645,4.182709728350886e-06
periodic,GRC,114,0.03226164749429158,3.857113245898861,0.00019124803981207528,0.03193642882213134,3.003612441165772,0.003285788406378609,-0.0006004544085775641,-0.06440187675958392,0.9487640271746052,0.026331635916625715,0.04200888586369906,0.6517940615271514,,,,,,,0.08585975323032746,4.496932100069038,1.6791733272514264e-05,0.12038680136182868,6.6386650132542595,1.149679018652705e-09,0.11992484099397419,6.8232482937965475,4.6494519345685603e-10
periodic,HUN,72,0.044666213217719145,2.8990099753713596,0.0049771990839859725,0.03256519042528091,2.7052586399335565,0.008538790053030043,0.012347192909015512,0.6452345119285033,0.5208548934762081,0.0824603920232,0.13019700274583,0.8159907184075949,,,,,,,0.24312708894492038,5.644052387814326,3.1807362543823103e-07,0.24274325838767682,5.212896421935534,1.7501351992077474e-06,0.25243299414817144,5.498148486027172,5.694394669131242e-07
periodic,IDN,114,0.03709833753103999,5.630262367404859,1.330652830144885e-07,0.03302371251888869,4.144712153980414,6.600795255917724e-05,0.0062899561717913504,0.4386324265011134,0.6617653803014842,0.015438604115529563,0.023527779879414353,0.7840587604528855,,,,,,,0.13933967472224792,8.86641342045411,1.2656542480726785e-14,0.15976660531154308,7.740460033509518,4.562128452789693e-12,0.15996579197062769,7.952845613876694,1.525446435834965e-12
periodic,IND,114,0.04542803143066015,7.039398668057666,1.591726750405087e-10,0.04347620987416887,5.048331808876766,1.7225052684199937e-06,0.003268302875035754,0.390540541025115,0.6968721554957349,0.01352227402890314,0.018655957510472356,0.6379576035261636,,,,,,,0.08536076569026477,6.1942960333730275,9.744631990216135e-09,0.10890955657258607,7.902153429048224,1.9828583219805296e-12,0.11045911672980685,8.211581175156931,3.9768188742073107e-13
periodic,KOR,114,0.02434669255484417,3.3244878595043543,0.0011947927889326415,-0.01295896668590848,-1.8355276094643012,0.069057150059876,0.04408218833764066,8.641996741011386,4.1522341120980855e-14,0.019569773059198266,0.028444889313651814,0.8419179564296747,,,,,,,0.15169223324099737,6.419717514645132,3.3212950167893496e-09,0.17601216318200982,7.697256507665996,5.695222071722128e-12,0.1746289883664363,7.547226854742346,1.227107304657693e-11
periodic,KWT,114,0.0071513530714740915,1.1056732085276164,0.27121648613277793,0.012629651214383343,1.71091726330224,0.08984023870444635,-0.0071621033736797655,-0.7364992383293268,0.4629532008770738,0.0197315796558407,0.03747181745534831,0.6942871140069365,,,,,,,0.0322601719334911,1.2379718992067277,0.2182924239286026,0.07714631189403164,2.8592513041264778,0.005058312311677193,0.07448725047109947,2.7147331804564763,0.007673810686402938
periodic,MEX,114,0.016278720050771512,4.154253718810361,6.36647870790874e-05,0.005354859092415556,0.7366553708526481,0.4628585984974296,0.017213671220356056,1.993232295928193,0.04864569667736429,0.017660058865214438,0.03999871105015027,0.6343218091058462,,,,,,,0.03006920416366245,1.4664046955467487,0.14531546876489254,0.0265819832036542,1.16218441908266,0.24760929323674108,0.03121288548582328,1.3942138696919821,0.16598836421355023
periodic,MYS,114,0.02336600812024876,3.427142669352761,0.0008516152561890422,0.008211264630912964,0.9709711203045982,0.3336364532176863,0.01856284715058224,1.8748618302957796,0.06339357157579384,0.01446545057665151,0.026160762911612765,0.7608709326295684,,,,,,,0.11482023893349223,5.911773703157294,3.663569869694072e-08,0.14601580898619093,6.899861583060529,3.184246200049756e-10,0.14478178679739248,6.912331622227555,2.993534309325696e-10
periodic,PER,114,0.033851338424804596,5.973095164396301,2.7550850045798825e-08,0.032803003887389534,3.7136098782246174,0.0003190311348382213,0.00022840639956599328,0.02273581658000762,0.9819011051459048,0.02621156938597305,0.040696983294990996,0.7357569431015254,,,,,,,0.0801955686690022,3.5454043808443605,0.0005715321554542463,0.04792864837878444,2.02609178157418,0.04511078340762098,0.06211785349356566,2.853371381041896,0.005146346549267156
periodic,PHL,114,0.021629110191378274,3.2282610462422268,0.001630447509362254,0.011763549002764172,1.7175317072930947,0.08862137885050103,0.012115352062032184,1.417051947214953,0.15921894445154394,0.023626457808508715,0.03504455087270554,0.7739101174980724,,,,,,,0.13122312845585926,5.923353501957532,3.471991538717134e-08,0.14310028160087224,5.849508420900339,4.885991811143242e-08,0.1451076798514837,5.9343282483462145,3.2995260301760254e-08
periodic,POL,114,0.0364676864855936,4.051092401030427,9.383596505152525e-05,0.03996447207786551,3.5283052371294463,0.0006058042498868765,-0.004618346902074385,-0.4608007460826971,0.6458271928592336,0.01872642163061483,0.02309323652388008,0.8217520741567309,,,,,,,0.1550317987034547,6.74000160420967,7.002296520397522e-10,0.1674461754945868,7.69248036739435,5.836442440454448e-12,0.16862308042162671,7.756777367854778,4.1950887208486165e-12
periodic,QAT,114,0.0068625071773301665,0.5623113447390647,0.5750176975092494,0.011539658476244292,2.1917764864579374,0.030446928097238146,-0.007932051222116671,-0.5480170479828327,0.5847611478143584,0.0676296918557653,0.11529474216267449,0.7070076576662785,,,,,,,0.12394834114193169,3.583541068050723,0.0005015701584580867,0.13466366693706272,3.1157221623924425,0.0023264007456125224,0.14031412800638562,3.2674731761911637,0.001437546224172248
periodic,SAU,114,0.020594321212324747,4.326850264040748,3.280874000033407e-05,0.018492054210888766,3.697599039260177,0.0003375021700771086,0.0027641275112337584,0.2731838619212466,0.7852105351360597,0.021031055866005132,0.04428422609669481,0.673736049521049,,,,,,,0.10476368992614286,5.233583188093773,7.749583079696976e-07,0.11427908978890729,3.8513930016165165,0.00019523746311711498,0.11198850084709451,4.097779404603501,7.87891086040382e-05
periodic,THA,114,0.023344639352137018,4.597220190712888,1.1228881054980988e-05,0.013236801386956962,1.8777800136542329,0.06298935596260624,0.013552064172988437,1.666968516711124,0.09829003965667749,0.018478980354205872,0.02980581162774919,0.7338642489007356,,,,,,,0.12933012521220608,6.594291176383943,1.4271215320604824e-09,0.14532757893529522,8.220193116885671,3.801403636316536e-13,0.14468101749525475,7.811284056432095,3.1687985568851218e-12
periodic,TUR,114,0.020758902445636523,2.6823506817060485,0.008407320972775967,0.014881526768867339,1.445103823679484,0.1511961853598638,0.007480052469089285,1.0898000323768937,0.27811980727517605,0.012217280559157506,0.0157549598406732,0.8022866705716323,,,,,,,0.11062000053824513,5.379705848943482,4.0817998447906234e-07,0.11490108571397392,6.0633499622097355,1.8066697249352615e-08,0.11587952181021753,5.922027079581479,3.493426792289256e-08
periodic,TWN,114,0.018299598412528078,4.7067507172792045,7.1913023516056995e-06,0.006847788688731593,1.9846972456575134,0.04960152861719669,0.014130948790450739,4.022628717689357,0.00010431982016645414,0.009777980831862971,0.012687932904216059,0.8059168233911286,,,,,,,0.1261430160506551,9.760655542964791,0.0,0.13644756645396627,10.184624119384825,0.0,0.13631334111341648,10.132688926584011,0.0
periodic,ZAF,114,0.025006410841911776,4.385576101716336,2.6082064913612868e-05,0.016133941713522927,2.180313018053565,0.03130782414268407,0.01151183501432568,1.3464844153992013,0.1808409869591605,0.017306949884712,0.029901595372024848,0.7499887026313775,,,,,,,0.06444033468247297,3.563409855485467,0.0005374254603411899,0.07391352689035928,3.6757139423170795,0.00036439532638654626,0.0752085254134204,3.828309747037343,0.00021215574166988382
ple,ARE,114,0.021188437155875203,2.946763182473498,0.0039012091358505696,0.01634221818853269,2.277237746427816,0.024653866867068164,0.011269258107833753,1.9411043193684396,0.05473597059401514,0.040145938451367234,0.05691126185848245,0.4452083521802033,,,,,,,0.1414932327538487,5.043176328456304,1.7608147677705688e-06,0.17388258903101503,8.520753702941803,7.882583474838611e-14,0.17855334559866154,8.901195664175008,1.0658141036401503e-14
ple,BRA,114,0.05185338182865105,8.711979143974512,2.886579864025407e-14,0.041867457341648186,5.412521838699861,3.529867169671519e-07,0.01592460030063367,1.4520262955771897,0.14926521280721894,0.044304565273770975,0.061958114826099815,0.6171622441457743,,,,,,,0.15828305404837723,6.427771011801678,3.195024911306632e-09,0.17034315262469613,7.849724559148592,2.5992541452524165e-12,0.17257832141665871,7.739532277551896,4.583888824072346e-12
ple,CHL,114,0.010176817405523474,1.4215941744562242,0.1578981764151015,0.010379742420998149,1.2097756187234172,0.22888979592416892,0.0023120034064759184,0.3205395262412399,0.7491513723280521,0.03458622057842436,0.0542573928548803,0.35887836965257874,,,,,,,0.04764566247567255,1.2348392563514525,0.21945185491028196,0.07434172611263778,5.269479309540194,6.626226611849972e-07,0.07052825443263104,4.8842894899526215,3.44652888339958e-06
ple,CHN,114,0.019362260168730164,3.308225590970078,0.0012598044755622873,0.018895601872083445,3.9749621512417495,0.00012442861127004434,0.0008856820433821457,0.22314459350815086,0.8238258526717397,0.023289856685625505,0.027654994442962932,0.6656939764446285,,,,,,,0.12002112342749513,4.74274798675867,6.203092535850274e-06,0.10737301324339676,4.668572693238444,8.405736454442092e-06,0.11037811207992695,4.700328933109037,7.3829467381880676e-06
ple,COL,114,0.013327771038102773,1.7376864174905002,0.08499046781661557,0.008745977634139458,1.0558146885238837,0.2933049879519869,0.023602013175966198,5.0654638187367205,1.600940745971613e-06,0.04961052414363524,0.0793046088242748,0.19655983567471272,,,,,,,0.06556879602199912,1.5315678685664065,0.12842396281622204,0.11025133285833777,6.394320188423328,3.752612887097939e-09,0.12822642410907809,5.310783534698343,5.529615214605599e-07
ple,EGY,114,0.03575367597261721,4.207216052082831,5.204138347369991e-05,0.03708574771717903,5.089509773001117,1.444308481923784e-06,-0.006162322635768292,-0.5865426289552941,0.558680838341687,0.038937545747473025,0.05441722955534289,0.5756876124471999,,,,,,,0.1594493800842492,5.81822625018432,5.6433265616107064e-08,0.11942930943629404,4.270547355719786,4.080640654513523e-05,0.13317575897525646,4.618885798214392,1.0286657137204003e-05
ple,GRC,114,0.034290359350809554,3.554123897860203,0.0005547679064497046,0.032368724681449385,3.335140355277821,0.0011539242363682867,0.004020658164642576,0.6295770292330498,0.5302422227038988,0.032326013806285914,0.04637648657802271,0.30880679410214784,,,,,,,0.08029904749223243,3.615169232793655,0.0004497671680809834,0.11112459619165807,6.786276720329442,5.57810464485442e-10,0.11992402571374276,7.027771017431083,1.6867285346222616e-10
ple,HUN,72,0.04950434907345499,3.7597567568861514,0.000346212508187671,0.05091047835008854,3.8380931391684423,0.0002663319919984364,0.00012178880861965964,0.007689054076303343,0.993886646887193,0.08719365218987035,0.1260174244280635,0.6780767270554708,,,,,,,0.2695179722720302,6.738252390208851,3.5331348957612363e-09,0.20413393952075176,4.258548252972946,6.203362539203283e-05,0.24200816452915092,5.477267588386522,6.18669153240603e-07
ple,IDN,114,0.03936911964127146,5.124999940195615,1.2400697455561271e-06,0.03852108756231908,5.388124693489407,3.932645231685683e-07,0.002529315813617933,0.2875224772936517,0.77423891804079,0.02199958251932651,0.028960494647236094,0.5852621249262318,,,,,,,0.17171158689285668,7.98641987327792,1.2820855488371308e-12,0.16075232137726944,8.333410867304854,2.1049828546892968e-13,0.16867983301831918,8.716556263591704,2.7977620220553945e-14
ple,IND,114,0.05000430169725145,6.86364911587193,3.8088687759341155e-10,0.04773278040806681,5.432967478989109,3.223635525184676e-07,0.007178077234323852,0.9473152312041475,0.34549960675212343,0.019278864859453237,0.025931083123023953,0.3112505277977019,,,,,,,0.0984262642216556,6.118694808773578,1.392764281682446e-08,0.09590584907361975,7.324956762303088,3.79416498219598e-11,0.10094987202341105,8.06516177929024,8.522071937022702e-13
ple,KOR,114,0.03718602993357946,5.3312407154917985,5.05425617358668e-07,0.04328770326158846,7.890962000922551,2.1007640071957212e-12,-0.008438616986481469,-2.072752369043456,0.04046969126518052,0.028350023555331484,0.030663590512758947,0.7253663168085236,,,,,,,0.19266296174466593,7.7681556138389105,3.956612815159133e-12,0.1778545889315893,7.648227743099656,7.322364936612757e-12,0.18399716497500204,7.728850239367041,4.842348744205083e-12
ple,KWT,114,0.01537454186330396,2.5451628790284735,0.012270887534075792,0.02557777552849872,3.0890318222524757,0.002527749743817642,-0.0184357813603472,-1.8351844425613226,0.06910835705654872,0.023097921356204056,0.04206367819318736,0.4568414475397787,,,,,,,0.048771762811185504,1.8846031915978962,0.06205265486371969,0.0715249220534253,2.4469090197823293,0.015949027263722826,0.07259267549927208,2.4578218691084084,0.015496869764466403
ple,MEX,114,0.01315023418518091,3.1160424978426184,0.0023240771758290535,0.006390797497742401,1.0687550859027446,0.2874578226412865,0.020210561243818852,2.848745291824583,0.005216592095652839,0.016470227475162646,0.03738645792912696,0.4474459078483502,,,,,,,0.027047010604239086,1.2780797171205498,0.2038404754062888,0.021557450165041545,0.9465958605589647,0.3458645814827317,0.03729696213120549,1.7464927887088189,0.08344270875360005
ple,MYS,114,0.03505317602259008,5.069933459992959,1.5706255318548301e-06,0.038351876446988814,5.275926058967718,6.442061095679463e-07,-0.007267522098251778,-1.0540750465324815,0.2940971758686779,0.025512991704909328,0.030994884985384812,0.5251693942656552,,,,,,,0.1569435218570313,7.304224599704946,4.2131409472290215e-11,0.14510884441247873,6.274391144867914,6.66050592457168e-09,0.14954068226630787,6.411527758842624,3.454747599107577e-09
ple,PER,114,0.029446628105606373,4.966449771089594,2.439102208207089e-06,0.02505179269407756,3.9413752067686123,0.00014076703973153748,0.015356574245072748,1.634295397401032,0.10497983531711652,0.027056971797248565,0.04914922674873035,0.24538655711742302,,,,,,,0.05145179629545432,2.214279148959537,0.02881676274219447,0.057235397247881195,2.6557087631128753,0.009057821553786871,0.06645241557944818,3.298145474777276,0.0013017477755625784
ple,PHL,114,0.02607003358742514,3.7817756420156465,0.0002505947075108761,0.02405441594611789,3.9162545737049905,0.00015430477430977696,0.00455696620174455,0.7060590319875655,0.4816045954946542,0.02992098894623265,0.042207829884805335,0.4847696914982657,,,,,,,0.13841874973284432,6.162799952982328,1.1310735459346688e-08,0.1490206208735728,5.75501904068884,7.541961810630937e-08,0.15660130551929638,6.063853034174109,1.802410620754813e-08
ple,POL,114,0.046307216101777085,5.849487328401883,4.886467186437926e-08,0.04945280294227069,6.562228819567751,1.6677810243947988e-09,-0.008177301114488967,-0.8580136518921636,0.3927011618611991,0.02177793643189724,0.027516720826766587,0.5907214772260861,,,,,,,0.16941884777329455,8.216433683862977,3.8768988019910466e-13,0.15332553655322775,7.119117583597247,1.0687251084107174e-10,0.16512885495959723,7.769413374176544,3.931077685592754e-12
ple,QAT,114,0.007166783618101143,1.2728611255619497,0.20567992202073415,0.005578373568965945,0.9712088687768424,0.3335185925782167,-0.002874532302386757,-0.19239722550614755,0.84777640750586,0.037357461073197304,0.09860967144851833,0.5115813299839576,,,,,,,0.08082175472943197,3.299563683103831,0.001295768690004362,0.11625798171591506,2.8036047559233803,0.005949564923309891,0.11734711053125124,2.9278545297458987,0.0041283450525841925
ple,SAU,114,0.014932798025704045,2.2268800783115155,0.027937589699436938,0.011157925116811745,2.448083511463717,0.015899805791478983,0.00453224078323183,0.4600425928904321,0.6463696178735985,0.02330204265384942,0.0487017700967564,0.6376683333111249,,,,,,,0.11438436411377188,5.676758521493359,1.0776620262831216e-07,0.10971850942692656,3.4214388985538764,0.0008679501154396085,0.11157833051684889,3.5185319245695994,0.0006262541511730113
ple,THA,114,0.030380355688837703,5.712965604591321,9.139122658652354e-08,0.03139328442302088,5.8110977812982245,5.8314072015619445e-08,-0.0019027908988920419,-0.29087752613067097,0.7716781956761143,0.032518233666962534,0.0391677869121215,0.6392455526766524,,,,,,,0.18613817523239498,8.741260072225797,2.4646951146678475e-14,0.15319671816640915,7.408083763603161,2.4906077200625987e-11,0.1636504595210231,7.482179738267332,1.7092771642523985e-11
ple,TUR,114,0.03927812948095377,5.711589571794346,9.196635142316723e-08,0.04700109839150855,5.087703882252692,1.4555338008204188e-06,-0.012013566387205599,-1.5539965759058114,0.12298158296107364,0.016613713706456392,0.021374068488354908,0.6549398433355681,,,,,,,0.15801345218603846,8.131368379701597,6.039613253960852e-13,0.12119598733727861,7.210563710083182,6.754441450596005e-11,0.13613472117579592,7.554464019272145,1.1826095658307167e-11
ple,TWN,114,0.024623143873463527,6.035135638166966,2.0620704477281038e-08,0.03065771626246154,6.254401900653285,7.325518636136508e-09,-0.009109539207930006,-2.0423267658381037,0.04344683310160491,0.017058651505481297,0.021080327007168085,0.648157749941338,,,,,,,0.15980345272192045,9.771138207235389,0.0,0.13495008604643408,10.19360287151365,0.0,0.1447595253014574,10.363926972001913,0.0
ple,ZAF,114,0.025893178709925715,4.7534357081694525,5.935963085956786e-06,0.021820458991991667,3.966975634125081,0.0001281410055185006,0.006026573188233963,0.9376491691450947,0.3504244973539903,0.02193752222665335,0.03402588425127702,0.5270888117924859,,,,,,,0.07642105899084913,4.347390666554956,3.028531528781464e-05,0.07789787135199513,4.417189223419221,2.3033077878542585e-05,0.08466787171838823,4.924634585910162,2.909579666754425e-06
