variant,window,n_months,b1_base,t_b1_base,p_b1_base,b1_full,t_b1_full,p_b1_full,b2_full,t_b2_full,p_b2_full,r2_base,r2_full,corr_base_path2,entropy_ratio,t_entropy,p_entropy,missingness_excess,t_missingness,p_missingness,rc_base,t_rc_base,p_rc_base,rc_path2,t_rc_path2,p_rc_path2,rc_combined,t_rc_combined,p_rc_combined
fourier,val,60,0.04186664046375962,4.254811905196564,7.58606860611355e-05,0.03777273081838976,3.403412698949671,0.0012014347989184326,0.009219127277861826,1.411076589805303,0.16347353558656263,0.01964167694638254,0.023457533760403167,0.4309375035660563,0.9975583393598468,-136.8776920838387,0.0,-0.0007361988402124254,-14.013005300194477,0.0,0.10085472983113694,3.5082058569945196,0.0008700281146403199,0.13768935771459764,6.395517903441822,2.827863387899754e-08,0.14222399384624368,6.142822364137733,7.483329511615011e-08
fourier,test,54,0.04363598717129933,4.669902973082197,2.09713140839618e-05,0.035222839488429365,4.431640943809854,4.729082961429931e-05,0.016611864986074074,2.184959770228519,0.033334358395831654,0.01972339422445977,0.025098605352120405,0.5123143062462161,0.9975986048936839,-69.11198073227024,0.0,-0.0005567241839474342,-6.388620121079319,4.334244962933553e-08,0.11111085781630355,4.168243713323106,0.00011398729571499011,0.13370432405363086,4.6427914681907945,2.302189864922255e-05,0.14073405433431788,4.720501478106078,1.761148629642051e-05
fourier,pooled,114,0.0427047520620679,6.045527171200793,1.9641199111575247e-08,0.03656488755682958,5.063117703053358,1.617080508165003e-06,0.012720950402804467,2.518556643741272,0.01318313570930707,0.01968038513073491,0.02423488346174291,0.4694844100987635,0.9975774125074538,-119.22554481072535,0.0,-0.0006511845293500613,-11.81360792914742,0.0,0.10571289571884743,5.292220388869701,5.998573857635137e-07,0.13580171019098178,7.656336756378128,7.0246031214082905e-12,0.14151823302480512,7.579605846433783,1.0401457473108167e-11
fourier,vol_high,57,0.055762678249088427,5.856274680755071,2.601247452993505e-07,0.052674638632298945,5.673362392603298,5.13454546879899e-07,0.005284697135525542,0.7330131320540036,0.46660781901598525,0.0255888532313773,0.029307515117201463,0.47591397493301557,0.9975688329522101,-69.38358241846697,0.0,-0.0006622381095129114,-8.447582825323813,1.4261924974334761e-11,0.1306264808225057,5.033395578733121,5.313966468856179e-06,0.12176573664920899,4.871652906717488,9.467755556880064e-06,0.13526044130387155,5.136383626996664,3.667526501827112e-06
fourier,vol_low,57,0.029646825875047376,4.870424915661679,9.509136271290686e-06,0.02045513648136021,3.259968620097139,0.0018980995888184804,0.020157203670083394,4.551572692197972,2.9118374281100756e-05,0.01377191703009252,0.01916225180628436,0.46305484526451157,0.9975859920626976,-154.7312396807005,0.0,-0.000640130949187211,-11.35170796106272,4.440892098500626e-16,0.08079931061518919,3.8768126158372547,0.00028027861964097234,0.1498376837327546,9.164143218644165,9.801048861390882e-13,0.14777602474573873,8.271539850111248,2.7690294501780954e-11
fourier,period_early,40,0.03744272954048826,3.689497447096265,0.0006843720527882624,0.028388607711966097,2.674273339598246,0.010884448088275711,0.020910799591411594,6.918082735471553,2.776996477216187e-08,0.01978121782857344,0.024054033907467087,0.4352213030400128,0.9975702187777387,-147.64870705118892,0.0,-0.0007898420308539544,-14.695552874754894,0.0,0.10486865841101642,3.1366411210105927,0.0032461044147111817,0.17215547664287323,9.381281775186626,1.5125900532098058e-11,0.17314090143827718,7.6312192531957725,2.9599125372925528e-09
fourier,period_mid,40,0.05688958793965175,4.6510385318047796,3.7415661788609e-05,0.05279821644993834,3.9207446986390844,0.0003468202816203636,0.007536694644493608,0.7554970240046464,0.45448972378143226,0.02353508014750602,0.028109375076224286,0.44623616851928877,0.9975179016021178,-62.6338732214026,0.0,-0.0007400429353332197,-8.938120389092658,5.563438598699122e-11,0.11551535195350966,3.8086532258494645,0.00048304421379352647,0.11956690745351048,5.027019304797629,1.1500149610599308e-05,0.12986126681733764,5.141399347331041,8.008711034790394e-06
fourier,period_late,34,0.032207324584415886,2.733981688133015,0.009982628289324946,0.027086006323599837,3.071050490593784,0.004250812433606033,0.009184958131867687,0.8710898533596573,0.3899982967809108,0.015026823113547099,0.019889422214442263,0.537144820261382,0.9976558885486905,-134.68965175706592,0.0,-0.0003835187558358827,-8.613267482395564,5.915323786354065e-10,0.09517381462845774,2.388557375340264,0.022791395137790715,0.11213234111519346,2.587271588964799,0.014268512059906868,0.11802917160597624,2.629866242933073,0.01287530500561429
linear,val,60,0.035186200691553864,3.222470624272084,0.002070840054509082,0.028556794510024353,1.6784683454093245,0.0985453541711252,0.008244479352364314,0.7593324269081447,0.4506769802803241,0.020581316292439776,0.02598159864731504,0.7534316294399949,0.7711235057722491,-130.18577289036858,0.0,-0.007346845724085327,-14.471372695714916,0.0,0.1261111013493501,3.2309277620151877,0.0020195617558322887,0.1424506530799789,5.69001080344956,4.2012855550055406e-07,0.14384466795747658,5.4754400524408595,9.414308559385631e-07
linear,test,54,0.03611837101983934,3.1226277571840386,0.002902507100585261,0.04574654682387536,3.5352052001570646,0.0008550248080272382,-0.012138421907174004,-1.1287440974859153,0.26408917445365776,0.019795302421399864,0.02463411495089082,0.8093164689697253,0.7669717819568203,-76.67588576910207,0.0,-0.003235039251511413,-5.248214239744064,2.7550902348405515e-06,0.13768137297753336,4.064158894273076,0.00016038679721397386,0.1116308200497345,3.5178834873290703,0.0009014581319533033,0.11535483925620167,3.592354850026135,0.0007174713289348489
linear,pooled,114,0.035627755057583824,4.424068734027618,2.2416657941226603e-05,0.03669930876395379,3.2350429745530733,0.0015954444034378401,-0.0014105791389959434,-0.17229571295508253,0.8635132587413397,0.020208993932473506,0.02534331689637725,0.7799033955330251,0.7691568997544144,-128.93559653636908,0.0,-0.005399147921287157,-8.80174198762869,1.7985612998927536e-14,0.1315917563311211,5.020296047823248,1.941082435896746e-06,0.12785178480249473,6.306798148922549,5.706602301813746e-09,0.1303494859410832,6.270957139767293,6.7703593842338705e-09
linear,vol_high,57,0.04189142447838058,3.527491067714804,0.0008456165671026916,0.05714051112678207,3.562921032988923,0.0007578425061152139,-0.020616475773177264,-2.117160191589015,0.0387013126794582,0.023596605941122516,0.029068654279040068,0.7797570797756219,0.7698342862809862,-80.81043733282405,0.0,-0.004596603384366216,-6.806829371337631,7.213868169486659e-09,0.1375395078240344,3.8493638447209437,0.00030625012678209274,0.10822450730350247,4.009287445021088,0.00018198809067349053,0.11199030967942408,4.030148992324799,0.0001699196369404632
linear,vol_low,57,0.02936408563678707,4.173730829728653,0.00010550406731502093,0.0162581064011255,1.6178009976163616,0.1113250118817537,0.01779531749518538,2.369817340515705,0.021267288334970047,0.016821381923824496,0.02161797951371443,0.7800497112904285,0.7684795132278426,-140.19564107073882,0.0,-0.006201692458208098,-8.44499498109369,1.4401591030832606e-11,0.12564400483820784,4.348165441182604,5.856348990040949e-05,0.14747906230148697,7.456239756953642,6.097007343441874e-10,0.14870866220274234,7.227790138286314,1.4544541127037292e-09
linear,period_early,40,0.041912582451896226,4.102049067879976,0.00020159305479272582,0.028993728903655806,1.9292156810750676,0.06100337618211471,0.01702673908308875,2.397861679237971,0.02137558468624401,0.024361598244038506,0.02807201622446156,0.7719590188376355,0.7683470958080176,-143.35456898506274,0.0,-0.007316057369287194,-16.409833148697043,0.0,0.16351964625275323,4.252446105057519,0.00012780768978393198,0.17936417105435395,7.507723363511076,4.348592375080784e-09,0.18165807702352244,7.160197940222259,1.292842277678119e-08
linear,period_mid,40,0.040831139876569,2.779577835331683,0.008333126303929683,0.05170231856339079,2.1095220757737714,0.04136973361403351,-0.015211079572084943,-1.0011500807046911,0.322925749311501,0.019411245224768295,0.025696017948497296,0.7453726806318096,0.7771903065311495,-155.9403594375729,0.0,-0.006096918056640133,-7.36504345281748,6.7936127834400395e-09,0.12121404282526357,2.6155209503805876,0.012604190548244132,0.10588469252509566,4.859751833090606,1.9477022203950867e-05,0.10834579830031191,4.614351700801166,4.19399701683254e-05
linear,period_late,34,0.02211221127723375,1.4183955130596788,0.16545073036949387,0.028114097070849057,1.981821149050475,0.05587929436112393,-0.006865658890755582,-0.4696276703260558,0.6417095386186185,0.0162621049867561,0.021718139978489783,0.8298740915290315,0.760658543483428,-159.22803251021298,0.0,-0.0023230542938130266,-3.402705393702286,0.0017651320736935538,0.10623860760668047,2.199065006310982,0.03498934902811346,0.09309261542077688,1.9417527704932596,0.06074453909065558,0.09587312895088568,1.9809111254605327,0.05598591204553327
per_feature,val,60,0.030970798566957555,3.5721186391462516,0.0007127342390953473,0.021581837214824196,2.695099082687886,0.009152545201306594,0.023879739610847786,5.882603558743641,2.0237226427965993e-07,0.013948754066035688,0.019244247291220998,0.38550432052749095,0.9989172065475931,-80.57661447967249,0.0,-0.0006182812658371888,-28.2106068805966,0.0,0.09944469370861517,2.8239819932621195,0.006458977849071346,0.13084270015180396,5.6761763268119,4.426655810796376e-07,0.13068101147043854,5.225644582308353,2.382504473041891e-06
per_feature,test,54,0.03907367570510548,4.561275666297831,3.0441012098370024e-05,0.0320054941287122,3.7403753115862686,0.00045262783923050165,0.013610179587977854,3.531156461997042,0.000865669305258665,0.01608389438817051,0.018473197359292814,0.5140938905993748,0.9988260418412945,-126.87390783776318,0.0,-0.0004620848528062408,-16.579433112149477,0.0,0.11756504825808754,4.5033384124773415,3.7086468255731475e-05,0.11775282070697947,6.080740274593663,1.346494853393665e-07,0.12300995311824926,6.158833117993669,1.0106422942968152e-07
per_feature,pooled,114,0.034809003527132884,5.495204234374893,2.442830897564363e-07,0.02651935891087641,4.329325477681781,3.249425736639999e-05,0.019015211178962033,6.289925189241079,6.185118195389805e-09,0.014960136323889026,0.018879013112939227,0.4464151695089096,0.9988740232656622,-84.41818537342904,0.0,-0.0005442934912435819,-21.727219571191075,0.0,0.10802801954783893,4.779606989592071,5.32808322328826e-06,0.12464223094109764,8.177630923535581,4.747313653297169e-13,0.12704735225098046,7.833044069845387,2.8326230250286244e-12
per_feature,vol_high,57,0.04141516414703855,4.4773484779155455,3.7630231139118564e-05,0.03362542937485126,3.69152375134395,0.0005067439929269391,0.017199852205061244,4.389499288116488,5.08642295313777e-05,0.016887136017239866,0.020156394318240088,0.4553445870136673,0.9988586654046548,-93.63045453281028,0.0,-0.000545215626367627,-17.21641492587622,0.0,0.12578951000448513,4.129972222250261,0.00012209242085625682,0.12212465694030347,6.12476451106805,9.518716725942511e-08,0.1264420026744168,5.961084766677082,1.7585208422765675e-07
per_feature,vol_low,57,0.028202842907227226,4.642487438803791,2.1222992029334975e-05,0.01941328844690157,3.330616973361397,0.001538288431242485,0.020830570152862816,6.683752390928669,1.1512131026236716e-08,0.013033136630538183,0.017601631907638363,0.4374857520041519,0.9988893811266696,-55.269662104504086,0.0,-0.0005433713561195368,-20.141044806020364,0.0,0.0902665290911927,3.6150101715721425,0.0006444095507982528,0.12715980494189177,7.690744222971926,2.4995938652239147e-10,0.12765270182754412,7.109127744821038,2.284780586947477e-09
per_feature,period_early,40,0.0333713547704289,3.877334812977406,0.0003944546392300463,0.02218109102003582,2.7323515115317463,0.009399686287763442,0.027785846231661953,6.09126311625119,3.8677934521835766e-07,0.016146688801504903,0.022813518427193803,0.39791613010357824,0.9989249371740871,-55.92869409048671,0.0,-0.0006097362871989099,-19.87037169719306,0.0,0.11760901202434311,3.3433354149584202,0.0018367166462260887,0.1532113278817771,6.2912410317207215,2.0410262968617587e-07,0.153997564415183,5.924352833445003,6.596739172692878e-07
per_feature,period_mid,40,0.04578441830939413,3.580400380355173,0.0009380601720072601,0.039626550976392914,3.1363006425579965,0.003249106884828379,0.014879313607438698,3.501964803585993,0.0011740394304535773,0.019697928209761576,0.02215059473911406,0.4003617159967507,0.9988688232061321,-80.61125566456334,0.0,-0.000591664414056229,-24.583538980358572,0.0,0.113608943024885,2.623948649766117,0.012343027117871719,0.10959674762449419,4.897029716976409,1.7323615212561094e-05,0.11453139344792436,4.473863318274038,6.481045283313058e-05
per_feature,period_late,34,0.023588102320594953,2.92533631537561,0.006181178748583704,0.016202977528904757,2.541267544075144,0.01592849021261733,0.013562578848166036,2.706075025699146,0.01069211238867207,0.007990319425667343,0.010401263771257566,0.5576533964706628,0.9988202422669624,-95.30948448588619,0.0,-0.0004115714691636112,-16.995803566548744,0.0,0.09019047136719156,2.5648688992072164,0.015055873493468486,0.10873209726571405,3.8402478802328015,0.0005282455052215695,0.11006587770845529,3.8043294609382396,0.000584223844058096
periodic,val,60,0.03892274497449892,3.253705790992524,0.0018873302592536945,0.03440192264014562,2.1118239302291997,0.03894592170088762,0.006458419401071503,0.7661758944158007,0.4466262913624397,0.022386449669670565,0.026661123743681313,0.6491607277240308,0.9970309906753698,-78.7209528675585,0.0,-0.0007437733375950441,-35.646467173182586,0.0,0.12002213184586345,3.1581284867697867,0.0025029965945979615,0.13831653224417087,6.409952037455233,2.674487986631391e-08,0.1397256065178366,5.878794131439474,2.0532801503492237e-07
periodic,test,54,0.03384048936020209,3.9110247490475305,0.00026325896600298826,0.032897041361696376,3.4375665966622466,0.0011499706662621012,0.0010127284577757458,0.15639706971257827,0.8763142699417743,0.014274369044334925,0.01669446377346417,0.7251566954802686,0.9967749684736862,-64.78196672356358,0.0,-0.0006575012228387851,-19.000389181039786,0.0,0.11647034125250456,4.363880613486015,5.942230163014095e-05,0.10922925797309417,4.634526895358297,2.3685113590854456e-05,0.11328379677832227,4.690798780495255,1.9513883463995185e-05
periodic,pooled,114,0.0365153607361478,4.75181813676269,5.975664072677134e-06,0.03368908413982755,3.3880235349198085,0.0009697155031518356,0.003878881585826145,0.7018572380041684,0.4842112895141657,0.018543885162932632,0.021940074284104775,0.6851588177138278,0.9969097170008882,-71.85361225544585,0.0,-0.00070290759902629,-31.5406942776914,0.0,0.11833970472269346,4.976977465208071,2.3328451390636218e-06,0.12453834969471347,7.66889298129187,6.586731160496129e-12,0.1272005387464877,7.400220874242066,2.591948877750383e-11
periodic,vol_high,57,0.044259320712461754,3.9620934543033814,0.00021241901467727864,0.04949792388253816,3.6101751511729425,0.0006542145823911216,-0.008802764974375711,-1.4629493282041768,0.14907151919777606,0.022213523447615416,0.02464191433973146,0.6857980784920568,0.9969452352680076,-48.44848764660029,0.0,-0.0006952728377872699,-22.694113708734626,0.0,0.13433094905384693,4.174735026452091,0.00010515026735724575,0.11079278308643734,5.153630391568852,3.4459447570966972e-06,0.11732989335900651,5.075964599907299,4.56008479265968e-06
periodic,vol_low,57,0.028771400759833837,4.054885191856565,0.0001566095597611561,0.017880244397116954,1.8168804731118535,0.07458806816850094,0.016560528146028,2.7213460007666033,0.0086477873321682,0.014874246878249843,0.01923823422847808,0.6845195569355983,0.9968741987337687,-81.9537267979797,0.0,-0.0007105423602653099,-32.329655566652455,0.0,0.10234846039153996,3.9825917424333515,0.00019864258192670015,0.13828391630298964,8.402553126538303,1.6896928300980107e-11,0.1370711841339689,7.795110534068363,1.681605965586641e-10
periodic,period_early,40,0.04264053809237291,3.697611407962757,0.0006684137758727893,0.033623490846843886,2.152284610314039,0.03762262035707353,0.01373021260849342,2.0716860455515436,0.04495496898532436,0.024870584043943635,0.02847054311857271,0.6661013721876049,0.9969774774422859,-135.25928249073777,0.0,-0.0007568869479423638,-27.567003805608394,0.0,0.14384815490443922,3.7282570014999368,0.0006113198921608998,0.1672742695963964,7.7783085362255315,1.8754118258357266e-09,0.1689162625281771,7.046520900405741,1.8502015031174324e-08
periodic,period_mid,40,0.04183916307264925,2.8499835064693584,0.006950170731652383,0.04427914580532509,2.1804137375574597,0.03532435650611587,-0.00470076560240241,-0.4437580326474695,0.6596698949286064,0.018714276395306116,0.022582621325596193,0.6545840671756267,0.9970046801983214,-42.17488785988125,0.0,-0.0007426462915480842,-35.32054789278502,0.0,0.10857231431712477,2.5837291241306053,0.013635756478210581,0.1028183297511441,5.674208862279047,1.4679505577763763e-06,0.10667744431502713,4.999114284974706,1.2559228628639119e-05
periodic,period_late,34,0.023045972862351837,2.039247031653716,0.049499584672890284,0.02130735664275243,1.994838830669933,0.05437340503999977,0.002382782957074711,0.28777923873754674,0.775315360513881,0.01090024973542146,0.01350123207709376,0.7435496366131494,0.9967182774257927,-57.153850886615466,0.0,-0.0005926510796876214,-19.78179348355214,0.0,0.09982081086836744,2.543292566727779,0.01585183338817786,0.09981376150869747,2.793100313212039,0.008622060942033771,0.10226803362857144,2.8003941353804285,0.008466757289711468
ple,val,60,0.03949350834434363,4.253703645877915,7.614835215630222e-05,0.04148480770928851,3.967914579630731,0.00019903222852879487,-0.005066000774650025,-0.8002248628036945,0.42679097198133875,0.020821990215581874,0.023945182092272196,0.4512812831514424,0.4324525893270461,-194.33040305900727,0.0,-0.012816802686158812,-15.587779923242731,0.0,0.12932497744907584,4.004265768318226,0.00017644382346682086,0.10507357674511134,6.242027507004214,5.110852541179156e-08,0.10845164955278985,6.396043342841792,2.8221297077024587e-08
ple,test,54,0.043895716383889484,3.574360224396056,0.0007583244304245618,0.045426561221425486,3.497724433693354,0.000958523223673069,-0.0041791202294199905,-0.6199084583537974,0.5379742812471362,0.02472779031489077,0.028212337939689396,0.5238529492520525,0.43658517966098975,-351.7987864948291,0.0,-0.008114712892091059,-9.941845856394846,1.0302869668521453e-13,0.14284319137727455,4.018303451189122,0.0001862068877858114,0.10165948833536718,4.827537520750419,1.2147745356960726e-05,0.10557454887163942,4.896410510233177,9.552016978497946e-06
ple,pooled,114,0.04157876478412851,5.324027429685818,5.217126024525953e-07,0.04335195410977446,5.051807317432528,1.6971386220809848e-06,-0.004645899463751588,-0.9661767793171494,0.33601899349366726,0.022672106052096613,0.02596646644104877,0.48565733551488927,0.4344101321168088,-319.53823420557717,0.0,-0.010589496994231982,-13.399493014032341,0.0,0.1357283419413805,5.616126833947082,1.4185068120120548e-07,0.10345637697207466,7.755750981777838,4.21729318134112e-12,0.10708881238803439,7.896827505280221,2.0381474286068624e-12
ple,vol_high,57,0.048551396521834475,4.151783700398066,0.00011353086992293981,0.05486684196720668,4.184085355140111,0.0001019106541371162,-0.014959598189205087,-2.0612743068874337,0.04393121153322599,0.026022312293364817,0.030812001703428477,0.4868319051832322,0.4363577619518888,-300.18326175023293,0.0,-0.00944090213942376,-13.328165389286204,0.0,0.14149848593275186,4.2198730474339605,9.038164288033279e-05,0.08764068067167843,4.9797779864651925,6.439626588194969e-06,0.09040780244361904,5.022090872599121,5.5339479088090116e-06
ple,vol_low,57,0.03460613304642254,5.22934182155959,2.6192967417237867e-06,0.03183706625234222,4.756937050411215,1.4206113194026315e-05,0.005667799261701914,2.1142028889257234,0.03896380527129928,0.019321899810828404,0.021120931178669058,0.48448276584654626,0.432462502281729,-234.94913001943348,0.0,-0.0117380918490402,-10.849162011523964,2.220446049250313e-15,0.12995819795000915,5.037659218900574,5.23325042833811e-06,0.11927207327247084,9.11616959413523,1.1710632463746151e-12,0.12376982233244972,9.408219948101358,3.9768188742073107e-13
ple,period_early,40,0.04357792393186537,4.662517256531583,3.610148427446447e-05,0.041063430328208396,3.6647995706440013,0.0007352420001891513,0.005394660460370562,1.044293941238367,0.30277938976616325,0.0252170598863554,0.027747416234655087,0.45125775673868007,0.42796188176619177,-207.99930107487498,0.0,-0.014051449620343732,-19.116215654471176,0.0,0.1570655898236114,4.451672616711985,6.940233196228718e-05,0.135668196098852,13.414001120745198,4.440892098500626e-16,0.13947619617008455,13.765688888743592,2.220446049250313e-16
ple,period_mid,40,0.052460718901231426,3.7009646495867585,0.0006619241530487763,0.061325226333286756,3.7878374734112525,0.0005135048963453848,-0.021211282712488767,-2.428512452984646,0.019872969484525438,0.024809477456201618,0.029833995366385833,0.4659656174617739,0.43876983441270756,-303.1248287960906,0.0,-0.010198244612378934,-17.488289035931334,0.0,0.14027043273922368,3.5437738677288513,0.00104194362320853,0.08167460540438594,4.019852364320454,0.00025806243570691834,0.085544134913901,4.155206795925818,0.00017169665060046135
ple,period_late,34,0.02642451388431701,1.764726918200094,0.08686437767169575,0.02489930888395534,1.9638736353934532,0.05801496350776336,0.0030303632710896203,0.605476892349615,0.5490039931959525,0.017163488124609806,0.0193211973599389,0.5492941553140946,0.43686724747530115,-242.1196879915019,0.0,-0.006976908471574681,-7.128412665273988,3.639645562714122e-08,0.10528206114129329,2.1284434509738155,0.04085563443368212,0.09118573278491153,2.940890930128983,0.005941227441216501,0.094332687319897,2.9651397590917026,0.005584588584528927
