,intercept,be_me,ret_12_1,ope_be,at_gr1,me
1995-01-31,0.02178129847419694,-0.24545556209849215,-0.058868867977777586,-0.04212407012133151,-0.06423636851270839,-0.027594185038966074
1995-02-28,0.0031819408401847823,0.02627497571883423,0.0861469320555652,-0.025779534414227506,0.013641887133148633,-0.023059447535219456
1995-03-31,-0.0249187439759379,0.10996709239101023,0.009531334672772403,0.035406134314770195,0.02032072348954849,0.0017145596992956952
1995-04-30,0.042284501020059,-0.018808900011370453,-0.09445079574248658,0.04280803199385353,0.08721502443836952,0.013679195661741493
1995-05-31,-0.017215965928469242,0.003526838786252068,0.010198934958933674,-0.01305007596933904,-0.009653405280104188,0.0008329077415754052
1995-06-30,0.019356680061871308,0.041708246919935583,0.040430774802945865,-0.00917914462879944,-0.0204842376829901,-0.0323034680155212
1995-07-31,-0.0435390478464791,0.04844754668871844,0.02452678336629171,0.04350606422274906,-0.074255809926762,-0.060004784488168726
1995-08-31,0.0033929054689504318,0.02764981119604784,-0.00839157179824277,-0.02360517574755404,0.0052402385018421715,-0.014738939590724792
1995-09-30,-0.02988302577008384,0.015460541696060197,0.0743190066831904,0.017995191738435713,-0.03340385179155897,-0.027434187391797857
1995-10-31,-0.05330367999110336,-0.013477061868233314,0.016100947521633806,0.02462832990193962,-0.03604412884838014,0.01926606934259857
1995-11-30,0.012295023377736644,-0.07527670121379582,-0.04211304916156273,0.03628493221724129,0.0159468699590389,0.03399361830986052
1995-12-31,0.03436118577240233,-0.01881681582819696,0.11182831768264898,0.010972445784071857,-0.022307463070858156,-0.014574315933201226
1996-01-31,0.02143198827573545,-0.04134996940559667,-0.028865000614245292,0.04615893848334823,0.039323452592942496,-0.0556726973038191
1996-02-29,0.014756049111110225,-0.04531066322504132,-0.004921121896747475,0.02740899605628211,-0.024999012400344252,0.019089466358563612
1996-03-31,0.0637176768216016,0.031530882588071935,-0.09237012661308777,-0.07264389335849969,-0.006402944820230494,0.07648677899393436
1996-04-30,-0.042037434421851386,0.06514331146103645,0.02120045506637378,0.007958079941111399,-0.0313126258401343,0.0026800817914550135
1996-05-31,-0.00174960430797747,-0.03575036367547657,0.040644479360883015,0.050657024876379436,-0.014506236320348854,-0.026198437849513128
1996-06-30,-0.040241934657860905,0.06471775147888068,0.08944065680305555,-0.0024544622983151683,-0.010210715252082602,-0.036819365251373096
1996-07-31,0.005882229179404207,-0.07927930257746757,0.05855692318926849,-0.01717516693357163,-0.020464858535750502,0.0014386020620558854
1996-08-31,0.00752871481682168,-0.03520892276439541,0.07412239547417572,-0.04379457673404021,0.01755973562516474,-0.023338271008672556
1996-09-30,-0.019663152323193905,-0.007702208703387,0.0749219786554567,0.025021162296476065,0.02478935970076262,-0.021702676928338143
1996-10-31,-0.009718361534085122,0.05832095447927145,0.09239006358706407,0.025948313335109326,-0.006929750494053402,-0.011791953092015209
1996-11-30,-0.02032071960761386,0.03955360222767765,0.010031658684548451,0.04469188548084689,0.007867731961242321,-0.02445510776477159
1996-12-31,0.0601101892665888,0.025041685126209558,0.11313022122291168,0.017034417792993167,0.03354521877381562,-0.023961448353556118
1997-01-31,0.030795451193849594,-0.041285574740618926,0.12684083380978647,-0.023188727396390652,-0.04066345513685037,0.015239855402829496
1997-02-28,-0.023211824840349185,0.04411978286560083,0.09897827802031636,0.052311495264900455,-0.03266068529025534,-0.006594940780907492
1997-03-31,-0.019124184225883665,0.14836794174280996,0.006283033796418966,0.01697850072924262,0.0016443381774369579,-0.018318481068257092
1997-04-30,-0.026906013853576875,0.009558402120733972,0.02598501522162698,0.029378847015490813,0.006375624868278282,0.03653563161294322
1997-05-31,0.0045405304787057765,0.014932761623140053,0.09131051497623727,0.048386053546420074,-0.0017871998858370987,0.011320886458531906
1997-06-30,0.005453189565788891,0.01279206787593705,-0.08909009787123032,0.05369845568662897,-0.02043909372358993,-0.06744657243164658
1997-07-31,-0.11397342745536897,0.18541303716498353,0.1173036032971527,0.06255320982468016,-0.1309529729269289,-0.08484021209844725
1997-08-31,-0.04281018817501827,-0.022101133195491778,0.06116799848174845,0.03696936423449898,-0.02549143764081427,0.01556250055915473
1997-09-30,-0.16491137979571452,0.00023939569719503423,0.10044923884654487,0.05970424567130633,0.005821273360899345,-0.07712578495504185
1997-10-31,-0.16298005409249194,0.057822602849795644,0.2853720031643894,0.032707741660787125,-0.04016109592171391,0.009888290250795382
1997-11-30,-0.14852069882671132,-0.010516793035239586,0.3221816570986588,-0.014014852811625587,0.01652029773476985,0.07686669123804238
1997-12-31,-0.00014223449273647354,0.024002575727369996,-0.008389021213286954,-0.07892527709419629,-0.1582851965023432,-0.14787127475120262
1998-01-31,0.1935669019650604,0.24013695109768746,-0.5359811368417732,0.09550997947308539,0.2541676822196186,0.11709219129590123
1998-02-28,0.06715815914878195,0.07851161242578905,0.004733682662858799,0.04404493763583242,-0.027373231668412643,-0.16346138953027906
1998-03-31,-0.043477021862383405,0.035136669688944175,0.3736240265322419,0.06646432802613891,-0.004230541275449638,-0.10807427494420624
1998-04-30,-0.11899023349739288,0.001594600704273752,0.3103646045100366,-0.014065369345940994,0.1162578227527402,-0.07608067428255974
1998-05-31,-0.1542050836183469,0.013005518625840685,0.17010225720215771,-0.005169123554904082,0.011114171875025686,0.0420119563594917
1998-06-30,0.0478420492082599,-0.011844051984247012,-0.13881769950278391,0.06612188213333908,-0.2003117917758349,-0.05835649331464088
1998-07-31,-0.15077255001961862,0.013707850572513364,0.026223369390487715,0.02555513716545875,-0.05156835003819939,-0.2041198831111772
1998-08-31,0.08293899107763016,0.16341095281358692,-0.21169568548264492,-0.009458457888300978,0.08887413151134765,0.10315772610057145
1998-09-30,0.09367997742730105,0.16193080200809937,-0.11199484212185018,0.018868630583010304,-0.15444687771233037,-0.07798721810799147
1998-10-31,0.17730703398775363,0.014171481962840252,-0.595766541874354,-0.02688131580620185,-0.15765288131983385,-0.06972872192444018
1998-11-30,0.014720530611211194,0.057272008560212015,0.008460189669451787,0.08356958036183626,-0.14523934154523802,-0.0007508623552030108
1998-12-31,0.031032163746791363,-0.05045793596975694,0.11732279088205871,-0.034132445934754195,-0.03041104423141784,-0.14736599487764973
1999-01-31,-0.043432512585030954,-0.004883284556899639,-0.061579702717110094,0.05628400484087017,0.10855080677408491,0.051776177760443784
1999-02-28,0.06040848927645408,0.05224746311214442,0.11502472316384488,0.02700765110483279,0.11597162286805886,0.09210463467640055
1999-03-31,0.13844331159139822,0.16792768278654252,-0.07881062975856722,-0.0346588089342046,-0.3038222010209267,0.1073062952699663
1999-04-30,0.07728867031493843,0.13147252216348115,-0.03228312260483948,0.03857533826169831,-0.17408143685418137,-0.09715036616807948
1999-05-31,0.15320628720222404,0.06311859367106576,0.0708521980164731,-0.08197742707460522,-0.12864360602741967,-0.151359111742444
1999-06-30,0.006902546873263226,-0.01648088411293696,0.05530511705866773,0.06619961713475625,0.059449623246484694,-0.11313465002061793
1999-07-31,0.02583238256797436,0.01212198649019891,-0.1391193192298651,0.05534682415452179,-0.003060039562788018,-0.03860931603930026
1999-08-31,-0.04188058403737686,-0.045903497580435264,-0.1073543451962463,0.06606034937519961,-0.09247091031414412,0.0008964959461564767
1999-09-30,0.026171027277573405,0.021223560505207573,0.08930007832375345,-0.004408312087345056,-0.09856544015274084,-0.04020792166632609
1999-10-31,0.011140059862240823,-0.0030240946431959945,0.032063845422418275,0.07511306940234734,0.027372205892364887,0.021285607831087752
1999-11-30,0.07217358019923914,-0.06301615398724811,-0.00031266509348104946,0.03990637658392047,-0.06466009887102178,-0.035460530322350886
1999-12-31,0.048114571877815024,-0.08709490404524775,-0.1532685315330347,-0.019200959176331026,-0.08345199243211351,0.05445682281983548
2000-01-31,0.001862286757443546,-0.09831563897824797,0.017918327271016568,-0.019253591421222144,-0.2117211175376647,-0.09963464584185089
2000-02-29,0.0024725128176816664,-0.030262206295544946,-0.03077287364909022,-0.014866011945104191,0.018971765461782874,-0.059078856544693636
2000-03-31,-0.09196847275728855,0.028408947142852414,-0.022204395430579702,0.030592464639795154,0.028005314911451258,-0.04294636886320681
2000-04-30,-0.05976791421802347,0.015388787931814439,0.023774820586625358,0.04326635362736653,0.03478337392429986,0.06116903095865843
2000-05-31,-0.013031686113072347,0.11976730556583735,-0.058216591810705605,0.0934981739805156,-0.02250940079442818,-0.02788681347648299
2000-06-30,-0.04244983229780869,-0.011391874219743699,0.027266929953358443,0.036351490832575474,0.0161333567403202,-0.026553319191690048
2000-07-31,0.005317828097504161,-0.0068543348320017905,-0.07099498363817831,0.053478264015898884,-0.019564092987102936,-0.15488057132213437
2000-08-31,-0.08318351305092124,0.02784395536529824,-0.04286476645860863,0.05928583038782627,-0.044014891824319155,-0.03786662418445952
2000-09-30,-0.09122938812621265,0.004766024985570371,0.1420722493707373,0.018223901759900987,-0.022714026166092628,-0.010839670662302361
2000-10-31,-0.033854825862013826,0.03564935635204024,-0.022022431658853203,0.021965308238061924,-0.01734214646484188,-0.08413908903118059
2000-11-30,-0.022502607152436963,0.00981635392105354,0.002681319151631395,0.06634457168773134,-0.11015177261865954,0.020267622850541567
2000-12-31,0.09555845832139766,0.16766510876831675,-0.13774176941762412,-0.036620375268996516,-0.014298923178940461,0.07496678885686682
2001-01-31,-0.010901314703541155,0.07679136865617972,0.033806294154600895,0.04492151486215667,0.015111474995714186,-0.05340165024133388
2001-02-28,-0.06520546190469287,-0.11596446356692766,0.09717860289578077,-0.018239844241258713,-0.02502770362223719,0.09258642127734651
2001-03-31,0.003324767642030295,0.00902322687322664,0.02151105570454279,0.03515155808027678,-0.016126284935433666,0.010515744645886926
2001-04-30,0.04629192137120896,0.04135339159450874,0.049300217919287875,0.05549743175868993,-0.029779929232712964,-0.09316091451188159
2001-05-31,-0.015669073383498162,0.0015395284288987482,0.04175702622311445,0.028844690968457987,-0.0518199643985668,-0.020371862665671984
2001-06-30,-0.04375236058259856,0.07060196252047479,-0.10016645657929908,0.030129368830484105,-0.0971110921156702,-0.08445604439706916
2001-07-31,0.017558208051492014,0.06251795104407817,-0.01889174203082078,0.005116485447204017,-0.03365870615565227,-0.007892324655775634
2001-08-31,-0.14283720564995528,-0.02385368148433909,0.14231623147855096,-0.010919092294244462,0.0479645977416697,0.01905728326635315
2001-09-30,0.047590417960117065,0.07889918051606208,-0.05241159445562077,0.0511539657466221,0.0722478799789871,-0.12973662943512593
2001-10-31,0.10934150907602942,0.0903210305323533,-0.14602809961270888,-0.0038357641909139133,0.005398311688893508,-0.005820965003502654
2001-11-30,0.008899114421378355,0.14431734181910574,-0.03852370849627663,0.03463302032762413,0.0070384639306097715,0.07541821744990018
2001-12-31,0.03998065705084769,0.17796038602035125,0.03015294882846462,0.057267667901467985,-0.06520014834997996,-0.059473253494455286
2002-01-31,-0.00036799116753714417,0.013188170850552735,0.04904867717560051,0.003872505338725622,-0.03172581538439552,0.025340189575696444
2002-02-28,0.06972772405659525,0.019553648978169386,-0.0010479843748302726,0.028659129753119857,-0.014832304529645124,0.04548820312063896
2002-03-31,0.04088406150265155,0.05208953300406094,-0.05064748647348983,0.02687536148480612,-0.030942435197953005,-0.02942590435570351
2002-04-30,-0.003447458418033728,0.08012495565973779,-0.026764897405215544,0.06981867233417643,-0.04491552188707536,-0.09882035136839694
2002-05-31,0.0076014747120987415,-0.04718946563243842,-0.024423309958249415,-0.020901792977550772,0.07189382652777514,-0.051919564462204595
2002-06-30,-0.03576296128950151,-0.014324487834795674,0.018375540616851843,0.009807700060143733,-0.015716314409234766,0.0019804201168955454
2002-07-31,-0.01018096818678859,0.01184879640140913,-0.012738932082959469,0.033283938907642655,0.02277728024167808,0.02715219267745806
2002-08-31,-0.09610445255772049,-0.0478624502589156,0.026511020142136084,0.03837417019366327,0.0036369636230185126,-0.01753737940477687
2002-09-30,0.01459703916386892,0.06849638651516651,0.05909295788242777,0.03793175830256301,-0.05801032948630786,-0.0009647877190361864
2002-10-31,0.03911706707794543,0.08461197319839926,0.04232781251011781,0.054181918840810736,-0.03979462014679608,-0.06767734635173987
2002-11-30,-0.03282591830450372,0.0584733539698638,0.09743292911200706,0.018837814540636655,0.005840282594572879,-0.0005851402220788601
2002-12-31,0.0279073792444316,-0.05306825279122375,-0.00541483937199441,-0.06576990763300784,-0.0288256715799871,0.05699139759084928
2003-01-31,-0.019197076780424926,-0.045593968802152315,0.02675571742343861,0.02818335567731272,0.009198912859494045,-0.03268637230418997
2003-02-28,-0.05804375871106334,0.025168520642198107,0.04918276900965623,-0.004555539949843879,0.0013963278185842236,0.05939017388779454
2003-03-31,0.07620975448593245,0.12384472008215595,-0.05966475267542496,0.09426920860981969,0.009957194589385153,-0.10723558752050297
2003-04-30,0.09761667227029962,0.10776508517143332,0.013288468090547048,0.003904298444219318,-0.00045285814123877804,-0.036632998392430005
2003-05-31,0.06192109994607183,0.13936726912286992,-0.0508046824451646,0.04355895588190669,-0.030841022033573667,-0.05417675727296031
2003-06-30,0.0559600555911742,0.0940793908127158,-0.00587919233042352,0.049979273598137086,-0.02710121111702228,-0.04205780746664142
2003-07-31,0.049908008255199005,0.06889188280284718,0.1185116901301045,0.009615902157171428,-0.019155421932504885,-0.04327282474322036
2003-08-31,-0.009564206043423647,0.006198016095559138,0.08132397166533131,0.0459303263304706,0.006090646935900387,0.0068596381442798185
2003-09-30,0.032021081481851746,0.08544801144392611,0.1421045304643474,0.028700823333602417,-0.020550529496745684,0.02997433553788128
2003-10-31,0.02318561055090499,0.04858350889606326,0.03289370945792491,0.03843957899424113,0.027372943451646085,-0.03339795089481307
2003-11-30,0.07101778345663944,0.09067965052955511,0.07421739802170917,0.03692806647567154,0.025644233492646915,-0.0687787583939737
2003-12-31,0.02853568933999139,0.01595448742782251,-0.07324379748563653,-0.030575647802510722,-0.016522291867945977,0.0890912647769048
2004-01-31,0.036623727397769486,-0.006501240743461874,-0.07825846007170727,-0.017072099309583463,-5.50974237577221e-05,0.06093347675718706
2004-02-29,0.0019244574046188908,-0.004584789490635399,-0.02349094865096343,0.0020713526169257044,0.03364628148741273,0.019376521469063806
2004-03-31,-0.022039104293192318,0.05308750666829852,0.056416462428630465,0.029635607587637672,-0.004900323108944234,-0.10206184369571049
2004-04-30,-0.056209827356365864,-0.006640124780217705,-0.052880327462114594,0.006505886345213884,0.022166377552853382,0.025491489291149184
2004-05-31,-0.03584098395009787,0.0865007513317175,0.07327484540145415,0.07473743636174747,0.0029239919203007106,-0.022558636909455136
2004-06-30,0.0008150999680696217,0.058858336099554175,0.06475552284226789,0.02557741248722377,-0.0008293913441235652,-0.03127157985567076
2004-07-31,0.01870016082292385,0.09869616378750792,0.05698921589428206,0.07151245192450831,0.0036158020317722944,-0.024906620719472958
2004-08-31,0.05229158476147341,0.04615969884030927,0.07370422186660526,0.01813173906106945,0.01441212542567082,-0.022444654812398566
2004-09-30,0.00443372404031681,0.08395483449121761,0.0911922199412426,0.045750104998172614,0.026707856935124653,-0.03677044608716641
2004-10-31,0.08887023416168273,0.06181826155104656,0.06401934866974472,0.04160372779117469,-0.005302065598769952,-0.039333830093671966
2004-11-30,0.03499484091638197,0.10072028460529762,0.12297528678882932,0.033481721828186026,0.02984192807719329,-0.04464401481379991
2004-12-31,0.035236176963101676,0.0490323671764169,0.05791495008724609,0.039904082559174665,-0.028613193559372557,-0.14627736620597967
2005-01-31,0.0816070271063273,0.021591384540395407,0.05289318096325948,0.017659499973956543,-0.0011728202306254517,-0.026278705172370898
2005-02-28,-0.061747826279130946,0.03598321659476112,0.07567933667346488,0.017554056129234295,0.012931682179461671,-0.00782113805446593
2005-03-31,-0.04204110253847306,-4.3715539077504584e-05,0.08964770605061848,0.028061843065263666,0.007226584448516101,0.006600059433637742
2005-04-30,0.00779100662543972,0.012289927053024553,0.1297118687007337,-0.002962104508882668,-0.004980830882448657,-0.02421668489698369
2005-05-31,0.03814728609698949,0.03599673784847678,0.05680267481715441,-0.021550373215641808,0.017804056863690777,-0.0051770753479310275
2005-06-30,0.05053385983295392,0.026213170441055277,0.16710841026594345,0.009307241190718265,0.019124437548815952,-0.08016559653908487
2005-07-31,0.02493919932453909,-0.07958529448989543,-0.015297455378314038,-0.038789954007723566,-0.02613211919669572,-0.0071872786324075
2005-08-31,0.033351923097546914,0.022292151008246497,0.058134003629929584,0.005186638906807598,0.047444368444448555,0.040954059133492635
2005-09-30,-0.04316589762384803,0.019339878257167355,0.026652940337211186,-0.007663708030592235,0.020810834115614647,-0.016577354360293468
2005-10-31,0.052263259585259,0.020519494324064417,0.17041053333875364,0.0020029787111765247,0.016345048641319443,-0.02683609334396723
2005-11-30,0.0493639246948694,0.000486102661173193,0.023813705368815066,0.047155306977746114,0.028775977344781795,-0.01594526304602556
2005-12-31,0.0698000755949667,-0.01744378172864405,0.0030361857536689795,-0.015100721937990232,-0.003537582992613469,-0.011213922505421497
2006-01-31,0.00792589817909748,-0.007398023329984918,-0.03380983295683109,0.00581592790919494,-0.007996621613701477,-0.012082003689419384
2006-02-28,0.0064122100356909005,0.009933372914511372,0.021814310379242703,0.04053839264452496,0.013434132671322846,-0.05543965355102873
2006-03-31,0.07293893202761673,0.06080816027045195,0.017321583294576424,0.032473593657293146,0.006143978601965638,-0.029243442755420644
2006-04-30,-0.028915979591676556,-0.020094258413921456,-0.14854015397645384,-0.07343890997236625,-0.032653336905498626,0.05807788918504933
2006-05-31,-0.03851277000316916,-0.005797493832244323,-0.05259138289830153,-0.04754835943181465,-0.002514362522528125,0.05415398144846494
2006-06-30,-0.009834944456989821,0.034806584006999375,0.04686783675656505,0.03261985081218438,-0.012068557541976475,-0.013337472609123647
2006-07-31,0.03526318381234873,-0.00044924782924910325,-0.007136620517129838,0.042781901316672095,0.030583824883835802,-0.012585489619645129
2006-08-31,0.03785020925908251,-0.03195204863921945,-0.0019379027957930773,-0.016829325343674813,0.0032005543409527326,-0.004622810403120514
2006-09-30,0.041598226608089636,0.066981029916688,0.04633772661469251,0.04332215493407238,0.0010412751666512392,-0.04214839367136055
2006-10-31,0.0681509880250566,0.0808303321418036,0.07942668428545303,0.02755041625143828,-0.02364290146766652,-0.04573358199365063
2006-11-30,0.036579839658127486,0.030840858262710172,0.05549354850094043,0.016373096231575915,-0.02908338910544855,-0.0009741659128604963
2006-12-31,0.04627609751570672,-0.0387540864865981,0.08009303119820664,-0.06623956388235197,-0.00711090550290449,-0.011686310442452497
2007-01-31,0.04480588056406008,-0.01676844632987508,0.05185367661357491,-0.07836323232095817,-0.03707270067290459,0.025059445800397824
2007-02-28,0.06263249830746448,-0.0751511524576317,0.04424808573384301,-0.055402361393492965,-0.036835321721362876,0.0018200112770566032
2007-03-31,0.10584512525526911,-0.05705101549457432,0.15035574547900468,-0.05261673531819769,-0.020718298381648237,0.04569268644954971
2007-04-30,0.07174999592388213,-0.031554695217961934,0.020468997952993728,0.0066507463449735,0.015158183533417385,0.011315901053139678
2007-05-31,0.023466774727778895,0.12440634617744817,-0.05605647430956599,0.07760941633140184,0.0461792543519497,-0.08399475317863248
2007-06-30,0.09377610011498293,0.008583213770436113,0.11158595501784847,-0.05695295421280222,-0.03825639137453105,0.02626925988519966
2007-07-31,-0.03540723029127678,-0.07134507627751335,0.021134700125652366,-0.01807656214994073,-0.028519619736911153,0.05481793290951577
2007-08-31,0.05479857306945627,0.04302419029484416,0.037712139421624935,0.0299733496715257,0.013477975412734728,0.00011294785059891288
2007-09-30,0.004359117563909186,0.0665459189754584,-0.042200451469549295,0.03866425981569728,0.0364485829631498,0.054654724868388474
2007-10-31,-0.05631186423953336,0.005433796770347938,-0.03239712617016539,0.02397247161664907,0.0185582842839576,-0.032724976233682805
2007-11-30,0.0693399371338036,-0.07352624032799811,0.07316742745665353,-0.00914540680825364,0.04964526979207462,-0.036211467260209136
2007-12-31,-0.10952610827120071,0.04835083871892004,0.014158006070036632,-0.039707601564786754,-0.03932751824645138,0.03762714603754223
2008-01-31,0.05793647544686068,0.0039034103377013013,-0.02683607296051894,-0.015220844264275436,-0.0642007603590506,0.06004595461675226
2008-02-29,-0.07159471576898171,0.08689470284526021,-0.07719200648500273,0.03562705813058288,-0.05240780169672776,0.01333858219968112
2008-03-31,0.03517817133292451,0.09765902372922114,0.035361163277151664,0.06166800667742876,0.024340056769587164,-0.008831141148742831
2008-04-30,-0.023797888903986902,0.03585809332907895,0.031880635243323796,-0.009953652647316272,-0.021365764657347262,0.023844146928415532
2008-05-31,-0.126349887476095,0.08446926066560573,0.04999524999526874,0.03011247987056527,-0.01468063238382435,-0.03989656357887848
2008-06-30,0.0070092687025222426,-0.010762077437236721,-0.016591954901283013,0.002345062043219733,0.048653458951971915,0.00736275096807305
2008-07-31,-0.09118583072505054,0.131172137907609,0.06422139702218954,0.08209593127582487,0.0002922239340271901,-0.028959456061561417
2008-08-31,-0.1566189573159504,0.003720527803957709,0.04496319176156675,-0.00140742861729407,-0.015831211043916493,0.010033922360692752
2008-09-30,-0.2822111009265349,0.0004183524720057924,0.06937751893393526,0.0022075802145472313,-0.10898982373538577,-0.012291997945526323
2008-10-31,-0.041945120753558725,-0.11778647006769971,-0.028181099320692342,-0.08260909529362609,-0.03145182790876527,0.07852235018530196
2008-11-30,0.10597482297700378,0.05032056326978863,-0.135928289869232,0.05397175264080645,-0.02679823641377601,-0.017133273091273014
2008-12-31,-0.02565669158657565,-0.13178891041233856,-0.025887802739711974,-0.06411719334531399,-0.05061896273532296,0.04277648448116918
2009-01-31,-0.031663426697631177,-0.07988560292822149,-0.022794768877041308,-0.04530165643272503,-0.04395749596405682,0.036583862080024586
2009-02-28,0.14163733088177727,-0.028832967289449472,-0.09778343453765394,-0.02578270947658551,-0.018588359331838812,0.08568435353799474
2009-03-31,0.19964319712120188,0.16098797995898975,-0.19510723437577338,0.029604900488163707,0.015981248476240176,0.02888201592969153
2009-04-30,0.1914478497130335,0.16215738584779887,-0.2883071430067344,0.0848837057885426,0.20595018770976473,-0.007995396603116392
2009-05-31,0.0009076506059243492,-0.0002145386687610303,0.03701564126819582,-0.00501339155395112,-0.021688394433333282,0.014067659603120931
2009-06-30,0.10250188891173076,0.014056755557453546,0.03087744754998286,0.02372113935000209,-0.03672409857888193,0.04168026029202805
2009-07-31,0.012957996304405535,0.09255587618362762,-0.09106974920424052,0.10701999522759731,-0.035231999684235155,-0.08808845311727649
2009-08-31,0.07450082565182568,0.06309118560082318,0.00946935153294325,0.02556628480818206,-0.012040207266445151,0.01598560377001291
2009-09-30,0.007600038819128635,-0.038396698490086846,0.0564204910409542,-0.03468055429818186,0.028950881792038384,-0.008853797427001632
2009-10-31,0.041789529576516396,-0.06186530434858175,0.03477450701671725,0.004628817168268171,0.004379661793630869,0.005575912908443642
2009-11-30,0.06526416160301081,0.040278553962484524,0.08772096657260862,0.036156337127769105,-0.04508008536211629,-0.038893784015621574
2009-12-31,-0.0049845602174027615,0.017309042776879932,-0.011363572619407458,-0.0007702503095918991,0.0040049090371855525,-0.07689960566345799
2010-01-31,0.005845457890836105,-0.039187873305612304,-0.008655747364910975,0.008204358363561277,0.02060054318050534,0.017653035302197296
2010-02-28,0.07221409820212775,0.038930435732770455,0.07609483583915573,0.04513937789729728,-0.004823995541302345,0.0025622745174633203
2010-03-31,0.02926562772512798,0.06893966718452292,0.1054191255972413,0.07126044053022593,-0.049390653412788796,-0.07953908365792049
2010-04-30,-0.10051294337677684,0.004397704350991214,0.02477832607983855,0.025059220486064508,0.020763382954970162,0.0024369444418476903
2010-05-31,0.003583729683659218,0.057723008791829726,0.04520480116292496,0.05191873572700442,-0.030496101640633315,-0.04975730548014848
2010-06-30,0.0853480644213214,0.002100541468437198,-0.016939081713982947,-0.014176524831218494,0.016175581473385717,0.028299394938930758
2010-07-31,0.012022903721721144,-0.029389894544449485,0.025878883267534028,0.008695670554677496,-0.011180787278540799,0.03521826420990601
2010-08-31,0.08646229940191408,0.04521253786297838,0.020120625601904536,0.03632994127049671,0.03224891125251901,-0.005694944977759832
2010-09-30,0.04654276824079094,0.01636659234736534,0.010656070169439277,0.005688647827011001,0.005761121292808987,0.03647821628851282
2010-10-31,-0.04220886280249297,-0.036781507736712904,0.025989805447120568,-0.006852808317738424,-0.005235301210340085,0.034144133801244855
2010-11-30,0.04760995268451886,0.07247209754706654,0.02319461141592726,0.01785774888954741,-0.016833038775295624,0.01577008946265429
2010-12-31,-0.032299023441303046,0.0371673435232636,-0.0030556042753830037,-0.01601438296293344,-0.06901015302357395,-0.00023133503809820433
2011-01-31,-0.013002065542655773,-0.07274322656757498,0.002733013368027601,-0.023865784104911608,-0.009703275680732423,0.04467614180074424
2011-02-28,0.03439262632006304,0.03838573960229274,0.047131528224036635,0.01984735525627488,0.001037391670387998,0.009243420963453213
2011-03-31,0.03710483469703229,0.04022574771423982,0.03475548216345894,0.02034673267065239,0.004385101071809484,-0.05008393356163658
2011-04-30,-0.041433077903837365,0.03689120733614068,0.04087078153351936,0.042562500364221864,-0.01369723105996235,-0.0020258057388685344
2011-05-31,-0.0022234185670411293,-0.019225077483884023,0.013772954102794357,-0.008909160529645077,0.002486611259103792,0.006180933365930822
2011-06-30,0.03082684265259095,0.008672959857880266,0.04187919692271536,0.02164177706435401,0.023361657477487998,-0.04568197575297643
2011-07-31,-0.0910907542285525,-0.053996967983709274,0.051552120551134464,-0.014857104616178514,-0.0001242662195238553,0.02954247226310841
2011-08-31,-0.11641152089913238,0.01256766197894927,-0.04342096491174796,0.011665254014439439,-0.024280871596689346,-0.011437047149778657
2011-09-30,0.07082524975001081,0.03652154147259136,0.03380613557290825,0.0025415328970706287,0.018706631599185605,0.0014928262822620358
2011-10-31,-0.07203573295309201,-0.020819790514833573,0.10847513501770725,-0.025160625114858712,-0.029670255101642125,0.0011537256774568246
2011-11-30,-0.03996635355032928,0.0842506552270799,0.09854738757667449,0.033715087165232756,-0.00910499276134731,-0.022594332341632946
2011-12-31,0.11142193709180911,0.13651435475933768,-0.11471333431125114,0.07545366920126152,0.0016347611235442705,-0.06390894992852521
2012-01-31,0.09492480052775626,-0.04420844415364383,-0.06487607111040324,-0.02570940100394361,0.016382674511250882,0.010151272804685987
2012-02-29,-0.037506498668885016,-0.0065729897838080024,0.09169168521733272,0.010828443512568215,-0.027517340525452575,0.0016405391557098685
2012-03-31,-0.003525480231836909,-0.03151775359306877,0.005044342389512949,0.004808960804140807,0.008412564892002275,0.016362481946349098
2012-04-30,-0.0710622004068259,-0.050411127440386394,0.03996257633345759,-0.03220527242475686,0.0306744680728583,0.027002674450095215
2012-05-31,0.020562635677762897,0.05017414526716615,0.020620320081014214,0.043396247842602764,-0.02157963857527482,-0.03279065382740559
2012-06-30,-0.01427748221479679,0.06042168212450844,0.07565822903822858,0.04682009266501966,-0.02832256016685028,-0.03833998767778726
2012-07-31,0.020190728012841015,-0.006251608685853593,0.04689935363827831,-0.004816351431885456,0.007259313705794036,0.003662434918536534
2012-08-31,0.06339817791796433,0.06715839680519628,-0.043602280514605386,0.04859765752854525,-0.02375915172935469,-0.019326706986230506
2012-09-30,-0.0076961935865992774,0.012328134378343594,0.025215496137866954,0.007619666349329037,0.021816229942648417,-0.01773701893930677
2012-10-31,-0.015795678104639485,0.06595713720986313,0.06239087775301097,0.040637213392613884,-0.03569503773858559,-0.02700840064687357
2012-11-30,0.055678554164260374,-0.016704075778199642,-0.060321586354102064,-0.02847528155308381,0.030678211763808586,0.08637867615359254
2012-12-31,0.03191499189348013,-0.01823415368124071,-0.006240313156911757,-0.03264064325106876,0.0014964793102148662,0.010939109717125488
2013-01-31,-0.0074065432040003164,-0.045609387650693445,0.04429534423653696,-0.025632119299888532,0.0464855708950318,0.050956706012360825
2013-02-28,-0.015691586430725685,0.003934302495042164,0.04808399416208049,-0.00014868574582082954,0.032114618984689286,0.020832008753012006
2013-03-31,0.017237577713399156,0.049317643161974754,0.06457800429675477,0.025898071335469862,-0.023480068051035818,-0.016698295133726754
2013-04-30,0.027552941023603256,-0.02957453010459936,-0.00016104533554557598,-0.07544302789569213,0.026248623480983047,0.07045511344256902
2013-05-31,-0.08793426920763676,0.015066644434055858,0.05051540240533724,0.023430443257633996,-0.003657686737353956,-0.05712358313545854
2013-06-30,0.01888427900711069,-0.04095942573499482,0.03783534336273884,-0.04177923529830217,0.028546853811651382,0.010306119261541138
2013-07-31,-0.026126405601921098,-0.024427890279340024,-0.012011111114755836,-0.04355182000055997,-0.0011170626364580445,0.08725814921507692
2013-08-31,0.0714327561761132,0.01871453266522859,-0.009001365360763876,0.006255468785804784,0.00046239205018214474,-0.02128204926696437
2013-09-30,0.04025447711552492,0.05216210027654694,-0.013306432538034136,0.04712991873977661,-0.025684958362946424,-0.03934186482954862
2013-10-31,0.007148566625348475,-0.011063763337549382,0.01800695121174797,-0.01308000949900465,0.02860821622260907,-0.0015478449104880318
2013-11-30,0.0064507016692938795,0.024764394142701006,-0.01460803796636898,0.0368922511219263,-0.006947252012509963,-0.04673952193120754
2013-12-31,-0.004292000491345185,-0.022282961828656585,0.055661469066473596,-0.029901737502486925,0.006984728056526805,-0.06430933851201406
2014-01-31,0.045280627044622504,-0.00038927629537660775,0.022250423093839268,0.01625919618727696,0.008557445429525995,-0.025166863625934004
2014-02-28,0.02764003375000435,0.05877702061372368,-0.04178053519187968,0.06465546892069493,-0.02156327582613867,-0.009537174692243716
2014-03-31,0.02776164871647205,0.04476250269476645,-0.042686216325362285,0.02979606045107065,-0.007194556965217385,-0.04798828521482572
2014-04-30,0.060471284721242004,0.05675523200450134,-0.024460200898277024,0.043022500611190416,0.0157933931966015,-0.07583384580558147
2014-05-31,0.053627974749815996,0.020564106607861295,-0.0056585467423751375,0.030328473786420757,-0.0006635285276252144,-0.10064688320430909
2014-06-30,0.014291069613155561,0.00021026398050121714,-0.01445327193470184,0.005844038663664652,0.015250099637633784,0.04728283567185328
2014-07-31,0.030115588003476468,-0.007339340265062111,0.026448280206780337,0.02817753903860213,0.01451824090292832,0.011395370756320067
2014-08-31,0.01782214115088598,-0.0610949448412708,0.03995348657682728,-0.02220375891166443,0.018805575636240968,-0.02478037779428796
2014-09-30,-0.007161307901216893,-0.021203535184180493,0.027604856064521878,0.01138994529835058,-0.011946179576076656,-0.005195746232055267
2014-10-31,-0.00014175775743156187,-0.02439478145290488,0.020788459243761444,0.011604648221202224,-0.009473169237924264,-0.0030605324301140584
2014-11-30,-0.029037800071775855,0.03681334669525541,-0.006997759718079307,0.04188347163566821,-0.0020867129362439896,0.016248111783661767
2014-12-31,0.034004037508561194,-0.0276303177908929,0.07360928871785492,-0.0015722450529466747,0.004992253224435039,-0.022853007937725323
2015-01-31,0.03128336219516136,-0.015273746656760586,-0.024544149350130884,-0.02376333239442332,0.02394401310042726,0.044026781020926
2015-02-28,0.02155754272627894,-0.11525764156292645,0.0020164861528756324,-0.0814429241600146,0.04972249108901545,0.1300522501781342
2015-03-31,0.06585271062446384,-0.00882400677595609,0.037407382366855806,-0.05593384192588164,0.020288198783068395,0.05734115947472356
2015-04-30,0.03148039685602575,-0.14354064340279005,0.10849044917022159,-0.07218049522332,0.02750622051148903,0.07640202785342087
2015-05-31,-0.032334059378954234,0.04083875964904925,0.017379992980573838,0.04554308592375487,-0.020581022149997606,-0.06588875403808184
2015-06-30,-0.02640535197217537,0.06105860069746495,-0.0008488081079761033,0.11869385376541852,-0.03054506215852621,-0.2065622837431879
2015-07-31,-0.10116680265150173,0.036069429356799076,0.014786968933189905,0.04899090265279611,-0.018820251935474302,-0.08791181884843581
2015-08-31,0.00688341837441187,-0.002826728180377082,-0.011960671902922214,0.002048160417179621,0.02870996877949005,-0.05645713789693596
2015-09-30,0.09117297509540191,-0.0619550634807438,0.004490884683602765,-0.07438579331646346,0.042017540199735706,0.0694341603214767
2015-10-31,0.011854689453444246,-0.07925352488228327,0.0363953424202668,-0.030940169514413987,0.039212451787965105,-0.020718804013408178
2015-11-30,0.02516840631105357,0.000346777674061452,0.0370714694970675,-0.0066212055673567465,0.016071812796187523,-0.06884059214344454
2015-12-31,-0.0908707643163688,0.1014963761359047,-0.05284492867747225,0.10131443117230395,-0.05042846057751066,-0.16684363720993878
2016-01-31,-0.02248179463489106,0.03284001178185453,-0.08866641481813678,0.004222759652465394,-0.03099879227513481,0.08342603937533918
2016-02-29,0.11907359033333431,-0.010983865662809109,0.006687637781175558,-0.03071689766453889,0.016992985921164074,0.1156015760316215
2016-03-31,0.022870896691652928,0.042894065976716134,0.001710362678855458,0.027190706366735765,0.000521076124246859,-0.03566594067446719
2016-04-30,-0.029184819792134498,-0.009402696843005744,0.025332192146105718,0.01371344729498938,0.026881956257624726,-0.02223420307291616
2016-05-31,0.033549151500859485,-0.01462551852495704,0.008792881185614896,-0.005029616998709028,-0.00030895653924314405,0.016332928002605475
2016-06-30,0.04280695596895033,0.04953000559104498,0.007066670306966057,0.04152663462013288,-0.013710023952696113,-0.025558508976189814
2016-07-31,0.012572345941085689,0.00490204307987703,0.00832150570198691,0.007016702111802624,0.005315043632785206,0.015499145956192367
2016-08-31,0.012243947216999217,0.021171294773704052,0.02668021977946082,0.012671597312278569,-0.0009318972060562061,-0.03955506808887116
2016-09-30,0.012749400102809205,-0.004312504493719706,0.031803537544182914,0.028850596369057995,-0.012261429619139988,-0.06460215001592859
2016-10-31,-0.0406610165236168,-0.006968528650756402,-0.019298011313373775,-0.026189264670135166,-0.0009911783790947822,0.05154678647647136
2016-11-30,0.0037629618362589466,0.04304373750691208,0.021454661766153765,0.023953492591277405,-0.0032949951512033886,-0.04556314548670442
2016-12-31,0.046736598734809474,0.07122075721623516,0.035614410325455946,0.03319691739306168,-0.008665449462253064,-0.065864760866068
2017-01-31,0.0431520045175864,0.025812112934721184,-0.011046238676630734,0.03013153961064114,-4.987017073722344e-06,0.005049488525274725
2017-02-28,0.02553313158579556,0.03663817740486688,0.021190453300234557,0.04641521509004008,0.013440430195903106,-0.05056872911473021
2017-03-31,0.01338742483233775,0.06547398145788914,0.03568814445552573,0.05759069348344101,0.0052640313892443405,-0.08842405873087211
2017-04-30,-0.007907407875432282,0.055911059191208715,-0.009568167101201959,0.05273234829839064,0.010199870981774758,-0.021291797723331618
2017-05-31,0.012749419652872596,-0.009805566212768048,0.0137467902246904,-0.0015891106738459785,-0.0011413368806331235,0.025638035747823223
2017-06-30,0.020936873578507414,0.046001355612652166,0.03558821104616254,0.026343714480862736,-0.03133918852425741,0.001464357640938413
2017-07-31,0.01299531259086394,-0.01642823438711489,0.016125412874482103,-0.011343880446975454,0.0019033127795914512,0.0654201626679053
2017-08-31,-0.006251531241038327,-0.008496422744292374,-0.00239335922094212,-0.00605629963509182,-0.004783857839135236,-0.003348543603454782
2017-09-30,0.02780049863746918,0.01987441652926163,0.05798873698940572,0.03361315463372619,0.028186974246117658,-0.05714714926753878
2017-10-31,0.0029076547466358863,0.03647545276586381,0.03321903096770237,0.04627519106230622,0.011554146062671994,-0.06680143117118559
2017-11-30,0.032360041412803284,0.012931264098641215,0.04808348955974567,0.01760586897652232,0.0015743805187085876,-0.03542739766488877
2017-12-31,0.04581403363866561,0.07783968971525707,0.009260185321581182,0.015131571353249704,-0.00127437707466398,-0.02747181584732153
2018-01-31,-0.040401070264274225,0.0140794498885863,0.016732273114357158,0.01920492832447667,0.00519561517433367,-0.02139103650595696
2018-02-28,-0.0025128365977333707,-0.05760435991837211,-0.0650368457565278,-0.036296050391828975,0.0052143881957166065,0.06731612030322902
2018-03-31,-0.008924088808772344,0.015985045480247623,0.04957994856591525,0.02015313476688763,0.004574491145185445,-0.03357872794407199
2018-04-30,-0.04037882854256174,0.016422396012537484,0.024929823133554286,-0.004503816400840945,0.028196025613559238,0.02902127170614017
2018-05-31,-0.07048035380867823,0.038473165868015614,0.030352642561943054,0.027089124805346126,-0.009350760312500234,-0.05830140349149135
2018-06-30,-0.0025061526295215063,0.04055646996694998,-0.010749338634537153,0.039626449268143626,-0.0072547658386158675,-0.002937273207369615
2018-07-31,-0.032446313819646605,0.0192380950276319,0.07132537984989411,0.016379672550240573,-0.01489014326816473,-0.050110491511411
2018-08-31,-0.0283294740323478,0.040376866789217064,0.003123436219345352,-0.031708500395012086,0.009980433076639894,0.044518318366058
2018-09-30,-0.09316636306163625,0.02931085606301846,-0.0468092106409306,0.05470007864485071,-0.03787622676089371,-0.04048272313307584
2018-10-31,0.05351041462305634,0.012072934178441562,-0.0207735896670226,0.003195578522415153,0.0018034628683278628,0.0014753397236358821
2018-11-30,-0.009818765519871658,0.005926626347221603,0.017025296011467364,0.017793492853434116,-0.014649335853313863,-0.026744715989852345
2018-12-31,0.026209433661967377,0.07220716144994647,0.05316701919390107,0.01851526968883466,-0.02035010577324436,0.033412081357229936
2019-01-31,0.04653660799668952,-0.04945338563825882,-0.10165400441304054,-0.07505128813352008,0.02738846686967576,0.17094483554437687
2019-02-28,0.033477556945639954,-0.03786606590413297,-0.05768080741608203,-0.0019636021490761907,0.025517959573457146,0.03288443008152485
2019-03-31,-0.009223427458055601,0.036699663046930606,0.02888027534440219,0.014946843270859262,0.0025266324638138233,-0.021573010177900812
2019-04-30,-0.046856954243888194,0.0057929215937395084,0.028224762708634943,0.029711039950921395,0.014246856303851654,-0.05314550979966974
2019-05-31,0.01655006941023633,0.02216631870563774,0.050361440530390794,0.011335556534767581,-0.027896422589082818,0.031158128434684504
2019-06-30,-0.031612656136514164,-0.0024175546063739256,0.03537469005502003,0.009296281613159669,-0.04050832158959912,0.013308466994597413
2019-07-31,-0.044614830153543554,-0.018857159206303993,0.036202274597041804,0.0029061228434564173,0.009836950060507426,-0.019994618850489317
2019-08-31,0.023523497899994462,0.003878273437914432,-0.008732331276035985,0.0276099046653943,-0.0009683100536060038,-0.01957954589500464
2019-09-30,0.012020520631192471,-0.006112330951415999,0.023105750998689913,0.003818610420211133,0.006259883653877076,0.010696491521181673
2019-10-31,-0.010636155806001128,0.023696004315562784,0.010847739235321032,0.013429119490949253,-0.019781537022082303,-0.017903209023968643
2019-11-30,0.05247332897043921,-0.0026370138009770283,0.014744526312467898,-0.004975044649565431,-0.012518078249467404,0.05874258750472717
2019-12-31,-0.00897344820320379,-0.048045433179332596,0.01739864824513382,0.017739332199063016,-0.015166307927151342,-0.06896735996566095
2020-01-31,-0.05997466172632978,-0.03997643203984279,0.06773549294314213,-0.021072004718663485,-0.004817081954741965,0.0008251451877775082
2020-02-29,-0.16532482350959987,-0.1013480401055013,-0.011213715706733178,-0.07779625355191216,-0.0250063345622838,0.04055105542817135
2020-03-31,0.13423171585209592,0.07773835458059887,-0.01593917277584755,0.05828366543792774,0.02149766780840272,-0.10196045897266677
2020-04-30,0.03594923550477807,-0.031217512154705328,0.02295831593520648,-0.00940191642185811,0.01928565643207735,-0.06206119041825482
2020-05-31,0.10490622818596396,-0.020361031463125623,-0.07111503954705775,0.02132324360480223,-0.012439748382877851,-0.10496871943162
2020-06-30,0.07738451406982594,-0.035549840242998426,0.07746966381980755,-0.019680234063053224,-0.011803960893439203,0.032161824462479914
2020-07-31,0.06509117249101534,0.021405411232426383,-0.032383946375052465,0.008390784679143677,0.009339077089417887,-0.07454591313221616
2020-08-31,-0.007128564230890355,0.01874646161514104,0.020013503773451492,0.012985703740151146,0.014224245649141262,-0.07772228474609881
2020-09-30,0.0031896301177917284,0.013822334515030983,-0.014790696552585785,0.0003157364359336694,0.005894700170694189,0.009176822933762204
2020-10-31,0.10470959471917118,0.08774182437168797,-0.03808964377792581,0.04415912644891139,-0.017645927243420026,0.011675757180538746
2020-11-30,0.06954585061541423,0.09152195586644661,-0.0025590169521624087,0.0532395950811847,-0.04802055162169153,-0.10945455511841662
2020-12-31,2.2187074830211746e-05,0.009290927744320998,0.03502044176213197,0.05669360511482967,-0.0045393799741012125,-0.12605810418722171
2021-01-31,0.041896413149210956,0.0395744344300279,0.01861586841947766,0.0023525284097529516,0.006055629871480114,-0.024267148841948506
2021-02-28,0.024253353272568896,0.06737871568202732,0.004178687514354951,0.021425777663678362,0.0049370683006787555,-0.01578554500654536
2021-03-31,0.05090428893017278,0.06628280902360291,0.06502443159445029,0.014337944167089042,0.015108967566587951,-0.021470303147738734
2021-04-30,0.059288250063263555,0.023754985674022323,-0.018331743832693065,0.01762280549102573,-0.06308819153326997,-0.031424030857631916
2021-05-31,0.038750150608335775,0.00756850961381636,0.021300839191967923,0.0010866644975976412,-0.02738278819686045,-0.07928792789350024
2021-06-30,0.023828103640297714,-0.015908501298720748,0.04643395756146842,0.024017314638217827,-0.02962755510706185,-0.11736629567050477
2021-07-31,0.020566405645193204,0.01744478983716879,-0.03708077310232079,0.016890705863254,-0.0010243073054459263,0.04495679467412089
2021-08-31,-0.007289206814395072,0.041751025818268506,-0.009044916324547047,0.006499114283023983,-0.0026660009555090833,-0.044951208284941896
2021-09-30,0.006629335893731771,0.022215797655138758,0.033067762661113435,-0.004653568179288418,0.00419311613563963,-0.037819272915382174
2021-10-31,0.01215598956566448,-0.05483481846648594,-0.023402955281183874,-0.04146911959984512,0.06437985562112869,0.013465883960049808
2021-11-30,0.0738622652988896,0.05071527517470041,0.059230756219327683,0.006513138316631528,-0.01357618964681194,-0.12356110420213504
2021-12-31,-0.022545617594722792,0.07393509483982394,0.02392544706702475,0.05683786398789021,-0.05112781861121243,-0.1430599844496801
2022-01-31,-0.0056284308705267586,0.026627003067393726,-0.012735173179300039,-0.03047525796543166,0.008175869867133949,0.11269906169463925
2022-02-28,0.005557022025935783,0.0631440232033748,0.016778376660662196,0.047146360374047236,-0.026493589892076404,-0.04755042031323173
2022-03-31,-0.052351519121166014,0.08669224536694822,0.051926437636390266,0.09507118622871867,-0.03600900796434579,-0.18115918496114264
2022-04-30,0.0015749442596165605,0.00022527826729426548,-0.0186478208107173,-0.04366350667004621,0.03517262500643741,0.11622309446005147
2022-05-31,-0.04848153875510433,-0.05271304549565982,-0.01570370480036908,-0.054499097476889545,0.047778432774481655,0.06559595149541414
2022-06-30,0.02846690462157255,-0.003935548279192701,0.014375446492090141,-0.0004405825195954599,0.021931944878070514,-0.01254464789884395
2022-07-31,0.014791903249247739,0.019502315228018444,0.016729829943441236,0.0413373331046757,-0.013131997687683843,-0.10391614047628839
2022-08-31,-0.0852783003034002,-0.00970588209808998,0.09036616033405667,0.04286019326053824,-0.019282362946537415,-0.12011159274263748
2022-09-30,0.007730555422482419,-0.007428400340043637,-0.013718589208793184,0.015565858878299341,-0.006063580488832601,-0.009028976496458695
2022-10-31,0.09388681018703772,0.042521678858498134,-0.06438896838695657,0.02517556033214383,-0.037625247302581266,0.0437100770830319
2022-11-30,0.0005263031066780262,0.012342096264566262,0.009208544586293131,0.015373532107378745,-0.021818959969490646,-0.04633466029695603
2022-12-31,0.059489902217502624,0.011058491158700095,-0.06385737130252185,-0.024502994613172208,0.029090777422193667,0.03439925151435022
2023-01-31,-0.0289267740533748,-0.02128769071044484,0.011866186076298642,0.003197077954065203,-0.008414813712748291,0.039733118965239886
2023-02-28,-0.004463199510161941,0.0005066847219426622,0.01474848258710951,0.006233613849567231,-0.006242012726280643,0.030580950132776976
2023-03-31,0.013198993914335563,0.03381134926674237,0.014744933701005578,0.0234752602813844,0.03556884306299729,-0.1158867565159934
2023-04-30,-0.0014376607145305453,0.006336510892541815,0.016528298050887926,0.01398400981840954,0.010474188746226307,-0.03977043203786626
2023-05-31,0.021799978823146698,0.005318461221393997,0.01605263393783004,0.02922597781427842,0.012763026478407113,-0.04098618443670331
2023-06-30,0.030933782964643226,0.04112625836770842,0.012817995960989013,0.04474562460318023,0.011868571735091392,0.007948610053513548
2023-07-31,-0.009006134811536308,-0.009728362997706783,0.02413692925744148,0.028910765384929916,0.02080183966831207,-0.11265119129558016
2023-08-31,-0.014765924152205631,0.0012011894475064053,0.004914353009621593,0.016532873245660863,-0.018533967302691776,-0.03295770193667766
2023-09-30,-0.027937984160948455,-0.016562661066496665,0.010391275867824994,0.00773758926170464,-0.012926545474467513,-0.045874541932588206
2023-10-31,0.07451729742174212,0.0030288790331371284,0.041384530964256976,-0.006068777466318228,-0.019342417464887476,-0.012350099593537776
2023-11-30,0.025888269377396064,0.037426942687376466,0.020771854016331085,0.021701071779245275,-0.006764062229585274,-0.05582176529155823
2023-12-31,-0.0327380191508071,0.06251504854945503,0.09552175632535889,0.1253292111986267,-0.006665688349385163,-0.2523948846218181
2024-01-31,0.024428439495546954,-0.03531548240768876,0.027195436863150877,-0.008643314696805498,0.01067777680458866,0.035055123217189045
2024-02-29,-0.017758406476437283,0.02458464479994213,-0.056177191113131145,-0.01598716522266812,0.02153841120042929,0.08567333223308898
2024-03-31,0.008459381639054409,-0.007074608056662334,0.10843555403967939,0.03987210390608895,0.017980890533956708,-0.05351155139597456
2024-04-30,-0.0012922456285238187,0.04053186799598095,0.015948602439191308,0.03164455273100978,-0.010912588453896232,-0.02587807560661927
2024-05-31,-0.006751119175601231,-0.01140550142985202,0.12684478821472203,0.04645602978869482,-0.011496818331247747,-0.09146998674276749
2024-06-30,0.01824958813825295,0.0019401923237014618,0.024605541824108134,-0.0019032532630362878,-0.026198064594505112,-0.044535021389391125
2024-07-31,0.010946310382385204,0.018444956286955645,0.0047159090986069255,0.033975354081943236,-0.01597837184383471,-0.07206027837359923
2024-08-31,0.0752473077713825,-0.01986153135214895,-0.13816470811123582,-0.05980108054445889,-0.030442750936655827,0.13974036421074326
2024-09-30,-0.017715555224020112,-0.06693856660787544,-0.023531782621260912,-0.06236880666887212,-0.020641655680057183,0.03116405791814457
2024-10-31,-0.014106705915330166,-0.01698075692276151,-0.01018435004965963,-0.013564906739477349,0.01728015786317012,0.01143043902492483
2024-11-30,-0.01994950773894693,0.0034012352594366274,0.049042504189207234,0.035217429596688,0.02572567948235829,-0.07566407499689201
2024-12-31,-0.014442358297480085,0.04033110745429221,-0.052232197181198536,0.013031941597231866,-0.022077426017602063,0.014341211458134731
2025-01-31,-0.018493415504183024,0.014134967932551958,0.004730328837948607,-0.07674272457936906,-0.03361438225630585,0.1227048657058242
2025-02-28,-0.014473133471079412,0.02348023971779849,0.04702497791883337,0.04201751636988955,0.003939969694040655,0.012913125603344278
2025-03-31,0.027922153369703773,0.021527528581945718,-0.03395784626473149,0.03425759410928674,-0.0023500441788861896,-0.09476030662534918
2025-04-30,0.05115683726911278,-0.0022002228242729077,-0.014744296107328296,-0.006214211038036031,-0.019612617263560082,0.022007650803608277
2025-05-31,0.03608115981526871,-0.02805383142871204,0.01762863876743089,-0.024288551575344722,-0.00842759800356841,0.040284538669240574
2025-06-30,0.012271162834171831,0.011984425677289332,0.02939891437401847,-0.02454594123417838,0.01304056836564211,0.018727815664651416
2025-07-31,0.0338737376032242,-0.006655962670538515,0.08550312007136174,-0.04461070517261511,0.0031785345449320546,0.03350437701186623
2025-08-31,0.016272607881927643,0.009820883014889113,0.010777145562390537,-0.0033926682044278585,-0.005442823977252002,-0.01715097803631696
2025-09-30,0.004819810482571129,-0.009575976321089289,0.024176123022942617,0.004427946850477339,0.007387214986324473,0.0030841086585613343
2025-10-31,-0.021064196721722626,0.01818912369744837,0.04761667585274249,0.0008854702767670075,-0.023644702182329544,0.010471662594076024
2025-11-30,0.014521892629649352,0.028315736305491477,0.06076841157840603,-0.007488798128073096,0.004704459154490102,0.019487507914020687
2025-12-31,0.02283343597706091,0.05785673220074241,0.114269156423856,-0.047586906577837235,-0.006966281729547264,0.109759980721075
