variant,strategy,scaling,eom,return,cumulative_wealth,drawdown,rolling_sharpe_12m,rolling_return_12m
per_feature,long_only,unscaled,2021-01-31,0.033554,1.033554,0.0,,
per_feature,long_only,unscaled,2021-02-28,0.086964,1.123436,0.0,,
per_feature,long_only,unscaled,2021-03-31,0.030211,1.157376,0.0,,
per_feature,long_only,unscaled,2021-04-30,0.096436,1.268988,0.0,,
per_feature,long_only,unscaled,2021-05-31,0.073076,1.36172,0.0,,
per_feature,long_only,unscaled,2021-06-30,0.123673,1.530127,0.0,,
per_feature,long_only,unscaled,2021-07-31,0.052608,1.610624,0.0,,
per_feature,long_only,unscaled,2021-08-31,0.085791,1.748802,0.0,,
per_feature,long_only,unscaled,2021-09-30,0.152413,2.015342,0.0,,
per_feature,long_only,unscaled,2021-10-31,0.050552,2.11722,0.0,,
per_feature,long_only,unscaled,2021-11-30,0.058885,2.241894,0.0,,
per_feature,long_only,unscaled,2021-12-31,0.075363,2.41085,0.0,7.4048,91.9524
per_feature,long_only,unscaled,2022-01-31,0.02578,2.473001,0.0,7.1608,91.175
per_feature,long_only,unscaled,2022-02-28,0.12233,2.775523,0.0,6.9994,94.7116
per_feature,long_only,unscaled,2022-03-31,-0.042945,2.656328,-0.042945,4.9291,87.3961
per_feature,long_only,unscaled,2022-04-30,0.02125,2.712774,-0.022608,4.3827,79.8775
per_feature,long_only,unscaled,2022-05-31,-0.033458,2.62201,-0.055309,3.3362,69.2241
per_feature,long_only,unscaled,2022-06-30,-0.00981,2.596288,-0.064577,2.7378,55.8758
per_feature,long_only,unscaled,2022-07-31,0.034306,2.685356,-0.032486,2.6451,54.0456
per_feature,long_only,unscaled,2022-08-31,-0.047504,2.557791,-0.078447,1.865,40.7161
per_feature,long_only,unscaled,2022-09-30,0.056755,2.702959,-0.026144,1.739,31.1503
per_feature,long_only,unscaled,2022-10-31,0.076035,2.908479,0.0,1.8248,33.6987
per_feature,long_only,unscaled,2022-11-30,0.056407,3.072536,0.0,1.8157,33.4508
per_feature,long_only,unscaled,2022-12-31,0.042132,3.201988,0.0,1.6947,30.1277
per_feature,long_only,unscaled,2023-01-31,0.007091,3.224692,0.0,1.5816,28.2588
per_feature,long_only,unscaled,2023-02-28,0.081387,3.48714,0.0,1.5352,24.1645
per_feature,long_only,unscaled,2023-03-31,0.008773,3.517734,0.0,2.0573,29.3363
per_feature,long_only,unscaled,2023-04-30,0.012222,3.560727,0.0,1.9869,28.4336
per_feature,long_only,unscaled,2023-05-31,0.056082,3.760421,0.0,2.84,37.3876
per_feature,long_only,unscaled,2023-06-30,0.072312,4.032346,0.0,3.525,45.5998
per_feature,long_only,unscaled,2023-07-31,-0.026366,3.92603,-0.026366,2.7343,39.5327
per_feature,long_only,unscaled,2023-08-31,-0.006797,3.899346,-0.032983,3.5118,43.6034
per_feature,long_only,unscaled,2023-09-30,-0.018789,3.826083,-0.051152,2.7052,36.049
per_feature,long_only,unscaled,2023-10-31,0.067693,4.085081,0.0,2.7016,35.2148
per_feature,long_only,unscaled,2023-11-30,0.067376,4.360316,0.0,2.7249,36.3117
per_feature,long_only,unscaled,2023-12-31,-0.022879,4.260554,-0.022879,2.0923,29.8106
per_feature,long_only,unscaled,2024-01-31,0.022126,4.354825,-0.001259,2.2173,31.3141
per_feature,long_only,unscaled,2024-02-29,-0.02213,4.258454,-0.023361,1.555,20.9624
per_feature,long_only,unscaled,2024-03-31,0.049881,4.470867,0.0,1.8151,25.0731
per_feature,long_only,unscaled,2024-04-30,0.002858,4.483644,0.0,1.7353,24.1367
per_feature,long_only,unscaled,2024-05-31,0.036303,4.646412,0.0,1.6432,22.1588
per_feature,long_only,unscaled,2024-06-30,-0.001936,4.637415,-0.001936,1.204,14.7339
per_feature,long_only,unscaled,2024-07-31,0.05247,4.880741,0.0,1.8754,22.6175
per_feature,long_only,unscaled,2024-08-31,0.018647,4.971753,0.0,2.1444,25.1619
per_feature,long_only,unscaled,2024-09-30,-0.005136,4.946218,-0.005136,2.3475,26.5271
per_feature,long_only,unscaled,2024-10-31,-0.011234,4.890652,-0.016312,1.7648,18.6344
per_feature,long_only,unscaled,2024-11-30,0.019719,4.987091,0.0,1.5478,13.8688
per_feature,long_only,unscaled,2024-12-31,0.022569,5.099643,0.0,2.253,18.4136
per_feature,long_only,unscaled,2025-01-31,0.023902,5.221534,0.0,2.2697,18.5912
per_feature,long_only,unscaled,2025-02-28,-0.036242,5.032294,-0.036242,1.9128,17.1799
per_feature,long_only,unscaled,2025-03-31,0.007741,5.071248,-0.028782,1.5993,12.9659
per_feature,long_only,unscaled,2025-04-30,0.027876,5.212612,-0.001709,1.8806,15.4677
per_feature,long_only,unscaled,2025-05-31,0.031545,5.377042,0.0,1.8532,14.9919
per_feature,long_only,unscaled,2025-06-30,0.016815,5.467459,0.0,2.1241,16.8671
per_feature,long_only,unscaled,2025-07-31,0.069735,5.848733,0.0,2.0722,18.5936
per_feature,long_only,unscaled,2025-08-31,0.026643,6.004561,0.0,2.1456,19.3932
per_feature,long_only,unscaled,2025-09-30,0.027222,6.16802,0.0,2.5766,22.629
per_feature,long_only,unscaled,2025-10-31,0.067392,6.583698,0.0,3.2628,30.4917
per_feature,long_only,unscaled,2025-11-30,0.044298,6.875342,0.0,3.467,32.9496
per_feature,long_only,unscaled,2025-12-31,0.10871,7.622759,0.0,3.3349,41.5637
per_feature,long_only,scaled,2021-01-31,0.017672,1.017672,0.0,,
per_feature,long_only,scaled,2021-02-28,0.045802,1.064283,0.0,,
per_feature,long_only,scaled,2021-03-31,0.015911,1.081218,0.0,,
per_feature,long_only,scaled,2021-04-30,0.05079,1.136133,0.0,,
per_feature,long_only,scaled,2021-05-31,0.038487,1.17986,0.0,,
per_feature,long_only,scaled,2021-06-30,0.065136,1.25671,0.0,,
per_feature,long_only,scaled,2021-07-31,0.027461,1.291221,0.0,,
per_feature,long_only,scaled,2021-08-31,0.044783,1.349046,0.0,,
per_feature,long_only,scaled,2021-09-30,0.079559,1.456375,0.0,,
per_feature,long_only,scaled,2021-10-31,0.026388,1.494806,0.0,,
per_feature,long_only,scaled,2021-11-30,0.030738,1.540753,0.0,,
per_feature,long_only,scaled,2021-12-31,0.039339,1.601365,0.0,7.4105,48.2067
per_feature,long_only,scaled,2022-01-31,0.014554,1.624672,0.0,7.2249,47.8949
per_feature,long_only,scaled,2022-02-28,0.069063,1.736876,0.0,6.9414,50.221
per_feature,long_only,scaled,2022-03-31,-0.024245,1.694765,-0.024245,4.8384,46.2054
per_feature,long_only,scaled,2022-04-30,0.011997,1.715097,-0.012539,4.3233,42.326
per_feature,long_only,scaled,2022-05-31,-0.018889,1.682701,-0.031191,3.2759,36.5884
per_feature,long_only,scaled,2022-06-30,-0.005538,1.673381,-0.036557,2.6807,29.521
per_feature,long_only,scaled,2022-07-31,0.01847,1.704288,-0.018763,2.5965,28.6218
per_feature,long_only,scaled,2022-08-31,-0.025575,1.6607,-0.043858,1.8316,21.586
per_feature,long_only,scaled,2022-09-30,0.030556,1.711444,-0.014642,1.6936,16.6857
per_feature,long_only,scaled,2022-10-31,0.040936,1.781504,0.0,1.7861,18.1405
per_feature,long_only,scaled,2022-11-30,0.030368,1.835604,0.0,1.7836,18.1035
per_feature,long_only,scaled,2022-12-31,0.022683,1.877241,0.0,1.6691,16.4378
per_feature,long_only,scaled,2023-01-31,0.003923,1.884606,0.0,1.5537,15.3747
per_feature,long_only,scaled,2023-02-28,0.045027,1.969464,0.0,1.5059,12.9711
per_feature,long_only,scaled,2023-03-31,0.004854,1.979023,0.0,2.0433,15.881
per_feature,long_only,scaled,2023-04-30,0.006762,1.992405,0.0,1.9692,15.3575
per_feature,long_only,scaled,2023-05-31,0.031027,2.054224,0.0,2.843,20.3491
per_feature,long_only,scaled,2023-06-30,0.040006,2.136406,0.0,3.5354,24.9036
per_feature,long_only,scaled,2023-07-31,-0.015733,2.102795,-0.015733,2.7062,21.4834
per_feature,long_only,scaled,2023-08-31,-0.004056,2.094266,-0.019725,3.4389,23.6354
per_feature,long_only,scaled,2023-09-30,-0.011211,2.070787,-0.030715,2.6289,19.4586
per_feature,long_only,scaled,2023-10-31,0.040393,2.154432,0.0,2.6285,19.4044
per_feature,long_only,scaled,2023-11-30,0.040204,2.241048,0.0,2.6653,20.3879
per_feature,long_only,scaled,2023-12-31,-0.013652,2.210453,-0.013652,2.0438,16.7544
per_feature,long_only,scaled,2024-01-31,0.013166,2.239556,-0.000666,2.1756,17.6787
per_feature,long_only,scaled,2024-02-29,-0.013168,2.210065,-0.013825,1.5131,11.8592
per_feature,long_only,scaled,2024-03-31,0.029681,2.275662,0.0,1.7807,14.3419
per_feature,long_only,scaled,2024-04-30,0.001701,2.279532,0.0,1.7069,13.8358
per_feature,long_only,scaled,2024-05-31,0.021602,2.328774,0.0,1.6298,12.8932
per_feature,long_only,scaled,2024-06-30,-0.001152,2.326091,-0.001152,1.2029,8.7774
per_feature,long_only,scaled,2024-07-31,0.032828,2.402453,0.0,1.8833,13.6335
per_feature,long_only,scaled,2024-08-31,0.011667,2.430481,0.0,2.1593,15.2057
per_feature,long_only,scaled,2024-09-30,-0.003213,2.422671,-0.003213,2.3583,16.0055
per_feature,long_only,scaled,2024-10-31,-0.007029,2.405643,-0.010219,1.7686,11.2633
per_feature,long_only,scaled,2024-11-30,0.012337,2.435322,0.0,1.5585,8.4767
per_feature,long_only,scaled,2024-12-31,0.01412,2.46971,0.0,2.2624,11.254
per_feature,long_only,scaled,2025-01-31,0.017508,2.512948,0.0,2.3241,11.6881
per_feature,long_only,scaled,2025-02-28,-0.026546,2.446238,-0.026546,1.7811,10.3503
per_feature,long_only,scaled,2025-03-31,0.00567,2.460108,-0.021027,1.4889,7.9492
per_feature,long_only,scaled,2025-04-30,0.020418,2.510339,-0.001038,1.7932,9.8209
per_feature,long_only,scaled,2025-05-31,0.023106,2.568342,0.0,1.8067,9.9713
per_feature,long_only,scaled,2025-06-30,0.012317,2.599976,0.0,2.0841,11.3182
per_feature,long_only,scaled,2025-07-31,0.059766,2.755365,0.0,1.9718,14.0119
per_feature,long_only,scaled,2025-08-31,0.022834,2.818281,0.0,2.1032,15.1287
per_feature,long_only,scaled,2025-09-30,0.023331,2.884034,0.0,2.5243,17.7831
per_feature,long_only,scaled,2025-10-31,0.057758,3.050609,0.0,3.1136,24.2617
per_feature,long_only,scaled,2025-11-30,0.037965,3.166425,0.0,3.3828,26.8245
per_feature,long_only,scaled,2025-12-31,0.093168,3.461436,0.0,3.2939,34.7293
per_feature,long_short,unscaled,2021-01-31,0.02958,1.02958,0.0,,
per_feature,long_short,unscaled,2021-02-28,0.210723,1.246537,0.0,,
per_feature,long_short,unscaled,2021-03-31,-0.001003,1.245286,-0.001003,,
per_feature,long_short,unscaled,2021-04-30,0.133399,1.411406,0.0,,
per_feature,long_short,unscaled,2021-05-31,0.143904,1.614513,0.0,,
per_feature,long_short,unscaled,2021-06-30,-0.008102,1.601432,-0.008102,,
per_feature,long_short,unscaled,2021-07-31,0.01665,1.628096,0.0,,
per_feature,long_short,unscaled,2021-08-31,0.104737,1.798618,0.0,,
per_feature,long_short,unscaled,2021-09-30,0.210011,2.176347,0.0,,
per_feature,long_short,unscaled,2021-10-31,0.1836,2.575924,0.0,,
per_feature,long_short,unscaled,2021-11-30,0.093972,2.81799,0.0,,
per_feature,long_short,unscaled,2021-12-31,0.234035,3.477498,0.0,4.4567,135.1506
per_feature,long_short,unscaled,2022-01-31,-0.111669,3.08917,-0.111669,3.2637,121.0257
per_feature,long_short,unscaled,2022-02-28,0.117359,3.45171,-0.007416,3.1738,111.6893
per_feature,long_short,unscaled,2022-03-31,-0.08048,3.173916,-0.087299,2.7107,103.7416
per_feature,long_short,unscaled,2022-04-30,-0.005941,3.155061,-0.092721,2.3064,89.8076
per_feature,long_short,unscaled,2022-05-31,0.124676,3.548422,0.0,2.2761,87.8848
per_feature,long_short,unscaled,2022-06-30,0.044759,3.707247,0.0,2.4681,93.1709
per_feature,long_short,unscaled,2022-07-31,0.009867,3.743825,0.0,2.4421,92.4926
per_feature,long_short,unscaled,2022-08-31,0.15703,4.331719,0.0,2.5287,97.7219
per_feature,long_short,unscaled,2022-09-30,0.050519,4.550554,0.0,2.2677,81.7728
per_feature,long_short,unscaled,2022-10-31,-0.001006,4.545978,-0.001006,1.8461,63.3122
per_feature,long_short,unscaled,2022-11-30,0.076824,4.895217,0.0,1.8057,61.5974
per_feature,long_short,unscaled,2022-12-31,-0.017339,4.810339,-0.017339,1.2943,36.46
per_feature,long_short,unscaled,2023-01-31,0.045563,5.029512,0.0,2.2183,52.1831
per_feature,long_short,unscaled,2023-02-28,0.117331,5.619627,0.0,2.2182,52.1803
per_feature,long_short,unscaled,2023-03-31,0.059576,5.954423,0.0,3.4376,66.186
per_feature,long_short,unscaled,2023-04-30,0.035169,6.163836,0.0,3.8534,70.297
per_feature,long_short,unscaled,2023-05-31,0.087727,6.704572,0.0,3.8898,66.6021
per_feature,long_short,unscaled,2023-06-30,0.027168,6.88672,0.0,3.7413,64.8429
per_feature,long_short,unscaled,2023-07-31,-0.007207,6.837089,-0.007207,3.5307,63.1356
per_feature,long_short,unscaled,2023-08-31,0.03363,7.067019,0.0,3.6763,50.7955
per_feature,long_short,unscaled,2023-09-30,0.183043,8.360587,0.0,3.2423,64.0479
per_feature,long_short,unscaled,2023-10-31,-0.022322,8.173966,-0.022322,3.021,61.9163
per_feature,long_short,unscaled,2023-11-30,0.046006,8.550019,0.0,2.8965,58.8345
per_feature,long_short,unscaled,2023-12-31,0.154377,9.869944,0.0,3.5484,76.0061
per_feature,long_short,unscaled,2024-01-31,-0.12012,8.684362,-0.12012,2.1047,59.4378
per_feature,long_short,unscaled,2024-02-29,0.016269,8.82565,-0.105805,1.8011,49.3317
per_feature,long_short,unscaled,2024-03-31,0.236427,10.912275,0.0,1.9899,67.0168
per_feature,long_short,unscaled,2024-04-30,0.079951,11.784726,0.0,2.123,71.495
per_feature,long_short,unscaled,2024-05-31,0.120718,13.207349,0.0,2.1911,74.794
per_feature,long_short,unscaled,2024-06-30,-0.015167,13.00703,-0.015167,2.0238,70.5605
per_feature,long_short,unscaled,2024-07-31,0.057868,13.759726,0.0,2.2587,77.068
per_feature,long_short,unscaled,2024-08-31,-0.041886,13.183381,-0.041886,1.9494,69.5164
per_feature,long_short,unscaled,2024-09-30,-0.001843,13.159081,-0.043652,1.5324,51.0278
per_feature,long_short,unscaled,2024-10-31,0.007667,13.25997,-0.03632,1.6475,54.0266
per_feature,long_short,unscaled,2024-11-30,0.168051,15.48832,0.0,1.8908,66.2311
per_feature,long_short,unscaled,2024-12-31,-0.035647,14.936202,-0.035647,1.3767,47.2287
per_feature,long_short,unscaled,2025-01-31,0.087072,16.236721,0.0,2.2838,67.9479
per_feature,long_short,unscaled,2025-02-28,0.161825,18.864226,0.0,2.6505,82.5035
per_feature,long_short,unscaled,2025-03-31,-0.155688,15.927285,-0.155688,1.3223,43.2919
per_feature,long_short,unscaled,2025-04-30,-0.0472,15.175513,-0.19554,0.917,30.5767
per_feature,long_short,unscaled,2025-05-31,0.031206,15.649083,-0.170436,0.6818,21.6256
per_feature,long_short,unscaled,2025-06-30,0.045624,16.363059,-0.132588,0.8766,27.7047
per_feature,long_short,unscaled,2025-07-31,0.081104,17.690167,-0.062237,0.9393,30.0283
per_feature,long_short,unscaled,2025-08-31,-0.000214,17.686375,-0.062438,1.0932,34.1955
per_feature,long_short,unscaled,2025-09-30,-0.079757,16.275755,-0.137216,0.7995,26.4041
per_feature,long_short,unscaled,2025-10-31,0.072821,17.460976,-0.074387,0.9868,32.9195
per_feature,long_short,unscaled,2025-11-30,0.041271,18.181611,-0.036186,0.6805,20.2415
per_feature,long_short,unscaled,2025-12-31,0.041515,18.936412,0.0,0.9557,27.9577
per_feature,long_short,scaled,2021-01-31,0.00986,1.00986,0.0,,
per_feature,long_short,scaled,2021-02-28,0.070241,1.080794,0.0,,
per_feature,long_short,scaled,2021-03-31,-0.000334,1.080432,-0.000334,,
per_feature,long_short,scaled,2021-04-30,0.044466,1.128475,0.0,,
per_feature,long_short,scaled,2021-05-31,0.047968,1.182606,0.0,,
per_feature,long_short,scaled,2021-06-30,-0.002701,1.179412,-0.002701,,
per_feature,long_short,scaled,2021-07-31,0.00555,1.185958,0.0,,
per_feature,long_short,scaled,2021-08-31,0.034912,1.227362,0.0,,
per_feature,long_short,scaled,2021-09-30,0.070004,1.313282,0.0,,
per_feature,long_short,scaled,2021-10-31,0.0612,1.393655,0.0,,
per_feature,long_short,scaled,2021-11-30,0.031324,1.43731,0.0,,
per_feature,long_short,scaled,2021-12-31,0.078012,1.549437,0.0,4.4567,45.0502
per_feature,long_short,scaled,2022-01-31,-0.037223,1.491762,-0.037223,3.2637,40.3419
per_feature,long_short,scaled,2022-02-28,0.03912,1.550119,0.0,3.1738,37.2298
per_feature,long_short,scaled,2022-03-31,-0.026827,1.508535,-0.026827,2.7107,34.5805
per_feature,long_short,scaled,2022-04-30,-0.00198,1.505547,-0.028754,2.3064,29.9359
per_feature,long_short,scaled,2022-05-31,0.041559,1.568116,0.0,2.2761,29.2949
per_feature,long_short,scaled,2022-06-30,0.01492,1.591512,0.0,2.4681,31.057
per_feature,long_short,scaled,2022-07-31,0.003289,1.596746,0.0,2.4421,30.8309
per_feature,long_short,scaled,2022-08-31,0.052343,1.680325,0.0,2.5287,32.574
per_feature,long_short,scaled,2022-09-30,0.01684,1.708622,0.0,2.2677,27.2576
per_feature,long_short,scaled,2022-10-31,-0.000335,1.708049,-0.000335,1.8461,21.1041
per_feature,long_short,scaled,2022-11-30,0.025608,1.751789,0.0,1.8057,20.5325
per_feature,long_short,scaled,2022-12-31,-0.00578,1.741664,-0.00578,1.2943,12.1533
per_feature,long_short,scaled,2023-01-31,0.015188,1.768116,0.0,2.2183,17.3944
per_feature,long_short,scaled,2023-02-28,0.03911,1.837267,0.0,2.2182,17.3934
per_feature,long_short,scaled,2023-03-31,0.019859,1.873753,0.0,3.4376,22.062
per_feature,long_short,scaled,2023-04-30,0.011723,1.895719,0.0,3.8534,23.4323
per_feature,long_short,scaled,2023-05-31,0.029242,1.951154,0.0,3.8898,22.2007
per_feature,long_short,scaled,2023-06-30,0.009056,1.968824,0.0,3.7413,21.6143
per_feature,long_short,scaled,2023-07-31,-0.002402,1.964094,-0.002402,3.5307,21.0452
per_feature,long_short,scaled,2023-08-31,0.01121,1.986111,0.0,3.6763,16.9318
per_feature,long_short,scaled,2023-09-30,0.061014,2.107293,0.0,3.2423,21.3493
per_feature,long_short,scaled,2023-10-31,-0.007441,2.091613,-0.007441,3.021,20.6388
per_feature,long_short,scaled,2023-11-30,0.015335,2.123689,0.0,2.8965,19.6115
per_feature,long_short,scaled,2023-12-31,0.051459,2.232972,0.0,3.5484,25.3354
per_feature,long_short,scaled,2024-01-31,-0.042364,2.138375,-0.042364,2.0465,19.5802
per_feature,long_short,scaled,2024-02-29,0.005738,2.150644,-0.036869,1.7507,16.243
per_feature,long_short,scaled,2024-03-31,0.083383,2.329971,0.0,1.9433,22.5954
per_feature,long_short,scaled,2024-04-30,0.028197,2.395669,0.0,2.0837,24.2428
per_feature,long_short,scaled,2024-05-31,0.042574,2.497664,0.0,2.1634,25.576
per_feature,long_short,scaled,2024-06-30,-0.005349,2.484303,-0.005349,1.9996,24.1355
per_feature,long_short,scaled,2024-07-31,0.019289,2.532224,0.0,2.2252,26.3047
per_feature,long_short,scaled,2024-08-31,-0.013962,2.496869,-0.013962,1.9297,23.7875
per_feature,long_short,scaled,2024-09-30,-0.000614,2.495335,-0.014568,1.5194,17.6246
per_feature,long_short,scaled,2024-10-31,0.002556,2.501712,-0.01205,1.6289,18.6242
per_feature,long_short,scaled,2024-11-30,0.056017,2.64185,0.0,1.8709,22.6924
per_feature,long_short,scaled,2024-12-31,-0.011882,2.610458,-0.011882,1.3715,16.3582
per_feature,long_short,scaled,2025-01-31,0.031375,2.692362,0.0,2.2993,23.7321
per_feature,long_short,scaled,2025-02-28,0.058312,2.849358,0.0,2.6679,28.9895
per_feature,long_short,scaled,2025-03-31,-0.0561,2.689508,-0.0561,1.3072,15.0412
per_feature,long_short,scaled,2025-04-30,-0.017008,2.643765,-0.072154,0.8976,10.5207
per_feature,long_short,scaled,2025-05-31,0.011245,2.673493,-0.061721,0.6632,7.3877
per_feature,long_short,scaled,2025-06-30,0.01644,2.717446,-0.046295,0.8613,9.5666
per_feature,long_short,scaled,2025-07-31,0.02844,2.794729,-0.019173,0.9321,10.4816
per_feature,long_short,scaled,2025-08-31,-7.5e-05,2.794519,-0.019246,1.0768,11.8703
per_feature,long_short,scaled,2025-09-30,-0.027967,2.716363,-0.046675,0.7855,9.135
per_feature,long_short,scaled,2025-10-31,0.025535,2.785726,-0.022332,0.9732,11.433
per_feature,long_short,scaled,2025-11-30,0.014472,2.826041,-0.008183,0.6843,7.2785
per_feature,long_short,scaled,2025-12-31,0.014557,2.86718,0.0,0.9471,9.9225
per_feature,country_composite_long_only,unscaled,2021-01-31,0.055351,1.055351,0.0,,
per_feature,country_composite_long_only,unscaled,2021-02-28,0.066492,1.125523,0.0,,
per_feature,country_composite_long_only,unscaled,2021-03-31,0.055798,1.188325,0.0,,
per_feature,country_composite_long_only,unscaled,2021-04-30,0.059973,1.259592,0.0,,
per_feature,country_composite_long_only,unscaled,2021-05-31,0.036981,1.306173,0.0,,
per_feature,country_composite_long_only,unscaled,2021-06-30,0.030921,1.346561,0.0,,
per_feature,country_composite_long_only,unscaled,2021-07-31,0.052005,1.41659,0.0,,
per_feature,country_composite_long_only,unscaled,2021-08-31,0.039807,1.47298,0.0,,
per_feature,country_composite_long_only,unscaled,2021-09-30,0.002253,1.476299,0.0,,
per_feature,country_composite_long_only,unscaled,2021-10-31,0.002239,1.479604,0.0,,
per_feature,country_composite_long_only,unscaled,2021-11-30,0.067013,1.578756,0.0,,
per_feature,country_composite_long_only,unscaled,2021-12-31,-0.013678,1.557163,-0.013678,4.803,45.5155
per_feature,country_composite_long_only,unscaled,2022-01-31,0.030287,1.604325,0.0,4.6228,43.0092
per_feature,country_composite_long_only,unscaled,2022-02-28,0.045267,1.676948,0.0,4.6634,40.8866
per_feature,country_composite_long_only,unscaled,2022-03-31,-0.040694,1.608706,-0.040694,2.8025,31.2375
per_feature,country_composite_long_only,unscaled,2022-04-30,0.008214,1.62192,-0.032814,2.455,26.0616
per_feature,country_composite_long_only,unscaled,2022-05-31,-0.031496,1.570836,-0.063277,1.6428,19.2139
per_feature,country_composite_long_only,unscaled,2022-06-30,0.027885,1.614639,-0.037156,1.6222,18.9103
per_feature,country_composite_long_only,unscaled,2022-07-31,0.022845,1.651526,-0.01516,1.452,15.9942
per_feature,country_composite_long_only,unscaled,2022-08-31,-0.051959,1.565713,-0.066331,0.552,6.8176
per_feature,country_composite_long_only,unscaled,2022-09-30,-0.005149,1.557651,-0.071139,0.4903,6.0774
per_feature,country_composite_long_only,unscaled,2022-10-31,0.084398,1.689114,0.0,0.9724,14.2933
per_feature,country_composite_long_only,unscaled,2022-11-30,0.010395,1.706672,0.0,0.6433,8.6315
per_feature,country_composite_long_only,unscaled,2022-12-31,0.064662,1.81703,0.0,1.1479,16.4655
per_feature,country_composite_long_only,unscaled,2023-01-31,-0.007505,1.803392,-0.007505,0.8831,12.6863
per_feature,country_composite_long_only,unscaled,2023-02-28,0.016933,1.83393,0.0,0.7093,9.8529
per_feature,country_composite_long_only,unscaled,2023-03-31,0.035667,1.899341,0.0,1.3422,17.489
per_feature,country_composite_long_only,unscaled,2023-04-30,-0.009918,1.880504,-0.009918,1.183,15.6758
per_feature,country_composite_long_only,unscaled,2023-05-31,0.017746,1.913875,0.0,1.6711,20.6001
per_feature,country_composite_long_only,unscaled,2023-06-30,0.021643,1.955298,0.0,1.6262,19.9759
per_feature,country_composite_long_only,unscaled,2023-07-31,-0.022991,1.910343,-0.022991,1.1957,15.3922
per_feature,country_composite_long_only,unscaled,2023-08-31,0.008006,1.925637,-0.01517,1.9782,21.3887
per_feature,country_composite_long_only,unscaled,2023-09-30,-0.01504,1.896674,-0.029982,1.8406,20.3996
per_feature,country_composite_long_only,unscaled,2023-10-31,0.061947,2.014168,0.0,1.8639,18.1545
per_feature,country_composite_long_only,unscaled,2023-11-30,0.025652,2.065835,0.0,2.0126,19.6802
per_feature,country_composite_long_only,unscaled,2023-12-31,0.002222,2.070426,0.0,1.6192,13.4362
per_feature,country_composite_long_only,unscaled,2024-01-31,0.069843,2.215031,0.0,2.1482,21.1711
per_feature,country_composite_long_only,unscaled,2024-02-29,0.011846,2.24127,0.0,2.093,20.6623
per_feature,country_composite_long_only,unscaled,2024-03-31,0.013176,2.2708,0.0,1.9046,18.4132
per_feature,country_composite_long_only,unscaled,2024-04-30,-0.003918,2.261904,-0.003918,1.9984,19.0132
per_feature,country_composite_long_only,unscaled,2024-05-31,-0.022325,2.211406,-0.026156,1.465,15.006
per_feature,country_composite_long_only,unscaled,2024-06-30,0.027409,2.272019,0.0,1.5107,15.5826
per_feature,country_composite_long_only,unscaled,2024-07-31,0.007566,2.289208,0.0,1.9459,18.6383
per_feature,country_composite_long_only,unscaled,2024-08-31,0.09016,2.495602,0.0,2.2243,26.8537
per_feature,country_composite_long_only,unscaled,2024-09-30,0.000993,2.498081,0.0,2.4471,28.4571
per_feature,country_composite_long_only,unscaled,2024-10-31,0.011161,2.525961,0.0,2.1462,23.3784
per_feature,country_composite_long_only,unscaled,2024-11-30,0.004587,2.537547,0.0,1.9398,21.2719
per_feature,country_composite_long_only,unscaled,2024-12-31,0.002496,2.543882,0.0,1.943,21.2993
per_feature,country_composite_long_only,unscaled,2025-01-31,-0.015205,2.505202,-0.015205,1.307,12.7945
per_feature,country_composite_long_only,unscaled,2025-02-28,-0.000653,2.503566,-0.015848,1.1717,11.5446
per_feature,country_composite_long_only,unscaled,2025-03-31,0.014507,2.539885,-0.001571,1.1845,11.6777
per_feature,country_composite_long_only,unscaled,2025-04-30,0.050542,2.668255,0.0,1.628,17.1236
per_feature,country_composite_long_only,unscaled,2025-05-31,0.043869,2.785309,0.0,2.3555,23.7431
per_feature,country_composite_long_only,unscaled,2025-06-30,0.063726,2.962805,0.0,2.4904,27.3748
per_feature,country_composite_long_only,unscaled,2025-07-31,0.029936,3.0515,0.0,2.7215,29.6118
per_feature,country_composite_long_only,unscaled,2025-08-31,0.014898,3.09696,0.0,2.688,22.0856
per_feature,country_composite_long_only,unscaled,2025-09-30,0.014485,3.14182,0.0,2.9247,23.4348
per_feature,country_composite_long_only,unscaled,2025-10-31,-0.013122,3.100594,-0.013122,2.4332,21.0066
per_feature,country_composite_long_only,unscaled,2025-11-30,0.023696,3.174065,0.0,2.686,22.9175
per_feature,country_composite_long_only,unscaled,2025-12-31,0.040307,3.302002,0.0,3.1163,26.6986
per_feature,country_composite_long_only,scaled,2021-01-31,0.034079,1.034079,0.0,,
per_feature,country_composite_long_only,scaled,2021-02-28,0.040939,1.076413,0.0,,
per_feature,country_composite_long_only,scaled,2021-03-31,0.034354,1.113392,0.0,,
per_feature,country_composite_long_only,scaled,2021-04-30,0.036925,1.154505,0.0,,
per_feature,country_composite_long_only,scaled,2021-05-31,0.022769,1.180792,0.0,,
per_feature,country_composite_long_only,scaled,2021-06-30,0.019038,1.203271,0.0,,
per_feature,country_composite_long_only,scaled,2021-07-31,0.031739,1.241462,0.0,,
per_feature,country_composite_long_only,scaled,2021-08-31,0.024295,1.271623,0.0,,
per_feature,country_composite_long_only,scaled,2021-09-30,0.001375,1.273372,0.0,,
per_feature,country_composite_long_only,scaled,2021-10-31,0.001366,1.275112,0.0,,
per_feature,country_composite_long_only,scaled,2021-11-30,0.040898,1.327262,0.0,,
per_feature,country_composite_long_only,scaled,2021-12-31,-0.008348,1.316182,-0.008348,4.8059,27.943
per_feature,country_composite_long_only,scaled,2022-01-31,0.019015,1.34121,0.0,4.6353,26.4367
per_feature,country_composite_long_only,scaled,2022-02-28,0.02842,1.379327,0.0,4.6823,25.1848
per_feature,country_composite_long_only,scaled,2022-03-31,-0.025549,1.344087,-0.025549,2.7896,19.1945
per_feature,country_composite_long_only,scaled,2022-04-30,0.005157,1.351018,-0.020524,2.4447,16.0177
per_feature,country_composite_long_only,scaled,2022-05-31,-0.019774,1.324303,-0.039892,1.6268,11.7633
per_feature,country_composite_long_only,scaled,2022-06-30,0.017507,1.347488,-0.023083,1.6101,11.6103
per_feature,country_composite_long_only,scaled,2022-07-31,0.014994,1.367693,-0.008435,1.4533,9.9358
per_feature,country_composite_long_only,scaled,2022-08-31,-0.034104,1.321049,-0.042251,0.5269,4.096
per_feature,country_composite_long_only,scaled,2022-09-30,-0.00338,1.316585,-0.045488,0.464,3.6205
per_feature,country_composite_long_only,scaled,2022-10-31,0.055395,1.389517,0.0,0.9612,9.0233
per_feature,country_composite_long_only,scaled,2022-11-30,0.006823,1.398997,0.0,0.6488,5.6158
per_feature,country_composite_long_only,scaled,2022-12-31,0.042441,1.458372,0.0,1.1514,10.6946
per_feature,country_composite_long_only,scaled,2023-01-31,-0.004878,1.451258,-0.004878,0.8919,8.3053
per_feature,country_composite_long_only,scaled,2023-02-28,0.011005,1.46723,0.0,0.7267,6.5638
per_feature,country_composite_long_only,scaled,2023-03-31,0.02318,1.501241,0.0,1.3446,11.4368
per_feature,country_composite_long_only,scaled,2023-04-30,-0.006446,1.491565,-0.006446,1.1882,10.2765
per_feature,country_composite_long_only,scaled,2023-05-31,0.011533,1.508767,0.0,1.6598,13.4073
per_feature,country_composite_long_only,scaled,2023-06-30,0.014066,1.52999,0.0,1.6217,13.0632
per_feature,country_composite_long_only,scaled,2023-07-31,-0.019445,1.50024,-0.019445,1.1208,9.6193
per_feature,country_composite_long_only,scaled,2023-08-31,0.006771,1.510398,-0.012806,1.8862,13.7067
per_feature,country_composite_long_only,scaled,2023-09-30,-0.01272,1.491185,-0.025363,1.6963,12.7727
per_feature,country_composite_long_only,scaled,2023-10-31,0.052391,1.56931,0.0,1.6995,12.4723
per_feature,country_composite_long_only,scaled,2023-11-30,0.021694,1.603355,0.0,1.8839,13.9594
per_feature,country_composite_long_only,scaled,2023-12-31,0.00188,1.606368,0.0,1.4914,9.9033
per_feature,country_composite_long_only,scaled,2024-01-31,0.060637,1.703774,0.0,1.9918,16.4548
per_feature,country_composite_long_only,scaled,2024-02-29,0.010284,1.721296,0.0,1.9824,16.3827
per_feature,country_composite_long_only,scaled,2024-03-31,0.011439,1.740986,0.0,1.8548,15.2085
per_feature,country_composite_long_only,scaled,2024-04-30,-0.003401,1.735064,-0.003401,1.9087,15.5129
per_feature,country_composite_long_only,scaled,2024-05-31,-0.019383,1.701434,-0.022718,1.4196,12.4213
per_feature,country_composite_long_only,scaled,2024-06-30,0.023796,1.741922,0.0,1.5138,13.3943
per_feature,country_composite_long_only,scaled,2024-07-31,0.006764,1.753705,0.0,1.947,16.0152
per_feature,country_composite_long_only,scaled,2024-08-31,0.080613,1.895077,0.0,2.2151,23.3995
per_feature,country_composite_long_only,scaled,2024-09-30,0.000888,1.89676,0.0,2.4294,24.7603
per_feature,country_composite_long_only,scaled,2024-10-31,0.009979,1.915687,0.0,2.1337,20.5191
per_feature,country_composite_long_only,scaled,2024-11-30,0.004101,1.923543,0.0,1.9369,18.7598
per_feature,country_composite_long_only,scaled,2024-12-31,0.002232,1.927837,0.0,1.9416,18.795
per_feature,country_composite_long_only,scaled,2025-01-31,-0.01358,1.901657,-0.01358,1.305,11.3733
per_feature,country_composite_long_only,scaled,2025-02-28,-0.000583,1.900548,-0.014155,1.1727,10.2866
per_feature,country_composite_long_only,scaled,2025-03-31,0.012956,1.925172,-0.001382,1.189,10.4383
per_feature,country_composite_long_only,scaled,2025-04-30,0.045139,2.012072,0.0,1.6319,15.2923
per_feature,country_composite_long_only,scaled,2025-05-31,0.03918,2.090905,0.0,2.3489,21.1486
per_feature,country_composite_long_only,scaled,2025-06-30,0.056914,2.209906,0.0,2.4901,24.4603
per_feature,country_composite_long_only,scaled,2025-07-31,0.027321,2.270283,0.0,2.7261,26.516
per_feature,country_composite_long_only,scaled,2025-08-31,0.013596,2.30115,0.0,2.6974,19.8143
per_feature,country_composite_long_only,scaled,2025-09-30,0.01322,2.331571,0.0,2.9393,21.0474
per_feature,country_composite_long_only,scaled,2025-10-31,-0.011975,2.30365,-0.011975,2.4396,18.852
per_feature,country_composite_long_only,scaled,2025-11-30,0.021626,2.353467,0.0,2.6974,20.6045
per_feature,country_composite_long_only,scaled,2025-12-31,0.036786,2.440042,0.0,3.1316,24.0599
per_feature,country_composite_long_short,unscaled,2021-01-31,0.044906,1.044906,0.0,,
per_feature,country_composite_long_short,unscaled,2021-02-28,0.089742,1.138678,0.0,,
per_feature,country_composite_long_short,unscaled,2021-03-31,0.005833,1.145321,0.0,,
per_feature,country_composite_long_short,unscaled,2021-04-30,-0.02601,1.115531,-0.02601,,
per_feature,country_composite_long_short,unscaled,2021-05-31,0.027837,1.146583,0.0,,
per_feature,country_composite_long_short,unscaled,2021-06-30,-0.036258,1.105011,-0.036258,,
per_feature,country_composite_long_short,unscaled,2021-07-31,0.059774,1.171062,0.0,,
per_feature,country_composite_long_short,unscaled,2021-08-31,0.088659,1.274888,0.0,,
per_feature,country_composite_long_short,unscaled,2021-09-30,0.012519,1.290849,0.0,,
per_feature,country_composite_long_short,unscaled,2021-10-31,0.007177,1.300113,0.0,,
per_feature,country_composite_long_short,unscaled,2021-11-30,0.063331,1.382451,0.0,,
per_feature,country_composite_long_short,unscaled,2021-12-31,0.065597,1.473135,0.0,2.7792,40.3108
per_feature,country_composite_long_short,unscaled,2022-01-31,0.01284,1.49205,0.0,2.5439,37.1043
per_feature,country_composite_long_short,unscaled,2022-02-28,0.056605,1.576508,0.0,2.5103,33.7906
per_feature,country_composite_long_short,unscaled,2022-03-31,0.066223,1.680909,0.0,2.903,39.8295
per_feature,country_composite_long_short,unscaled,2022-04-30,-0.018206,1.650307,-0.018206,3.0372,40.61
per_feature,country_composite_long_short,unscaled,2022-05-31,-0.011014,1.632131,-0.029019,2.6036,36.7249
per_feature,country_composite_long_short,unscaled,2022-06-30,0.005805,1.641606,-0.023382,3.2846,40.9312
per_feature,country_composite_long_short,unscaled,2022-07-31,0.034607,1.698418,0.0,3.1627,38.4145
per_feature,country_composite_long_short,unscaled,2022-08-31,0.080136,1.834521,0.0,3.2007,37.5621
per_feature,country_composite_long_short,unscaled,2022-09-30,0.010294,1.853406,0.0,3.1707,37.3396
per_feature,country_composite_long_short,unscaled,2022-10-31,0.042214,1.931647,0.0,3.5461,40.8433
per_feature,country_composite_long_short,unscaled,2022-11-30,0.066625,2.060343,0.0,3.5452,41.1728
per_feature,country_composite_long_short,unscaled,2022-12-31,-0.006054,2.04787,-0.006054,2.9022,34.0077
per_feature,country_composite_long_short,unscaled,2023-01-31,0.046998,2.144115,0.0,3.1924,37.4235
per_feature,country_composite_long_short,unscaled,2023-02-28,-0.014892,2.112184,-0.014892,2.4811,30.2737
per_feature,country_composite_long_short,unscaled,2023-03-31,0.040804,2.19837,0.0,2.4082,27.7318
per_feature,country_composite_long_short,unscaled,2023-04-30,0.014382,2.229988,0.0,2.9044,30.9906
per_feature,country_composite_long_short,unscaled,2023-05-31,0.029101,2.294883,0.0,3.5411,35.0021
per_feature,country_composite_long_short,unscaled,2023-06-30,0.018735,2.337879,0.0,3.7679,36.2951
per_feature,country_composite_long_short,unscaled,2023-07-31,-0.01011,2.314242,-0.01011,3.0547,31.8234
per_feature,country_composite_long_short,unscaled,2023-08-31,0.043274,2.414388,0.0,3.1658,28.1372
per_feature,country_composite_long_short,unscaled,2023-09-30,0.032426,2.492677,0.0,3.4466,30.3504
per_feature,country_composite_long_short,unscaled,2023-10-31,-0.009024,2.470184,-0.009024,2.7382,25.2266
per_feature,country_composite_long_short,unscaled,2023-11-30,0.028548,2.540702,0.0,2.7314,21.4188
per_feature,country_composite_long_short,unscaled,2023-12-31,0.128445,2.867042,0.0,2.6568,34.8687
per_feature,country_composite_long_short,unscaled,2024-01-31,0.003993,2.878489,0.0,2.318,30.5682
per_feature,country_composite_long_short,unscaled,2024-02-29,0.05648,3.041068,0.0,2.9625,37.7055
per_feature,country_composite_long_short,unscaled,2024-03-31,0.019288,3.099725,0.0,2.7915,35.5539
per_feature,country_composite_long_short,unscaled,2024-04-30,0.045105,3.239538,0.0,3.0401,38.6261
per_feature,country_composite_long_short,unscaled,2024-05-31,-0.003253,3.229,-0.003253,2.6824,35.3907
per_feature,country_composite_long_short,unscaled,2024-06-30,0.014461,3.275694,0.0,2.641,34.9633
per_feature,country_composite_long_short,unscaled,2024-07-31,0.022803,3.35039,0.0,3.0442,38.2546
per_feature,country_composite_long_short,unscaled,2024-08-31,-0.011484,3.311915,-0.011484,2.4829,32.7789
per_feature,country_composite_long_short,unscaled,2024-09-30,-0.040041,3.179301,-0.051065,1.7264,25.5321
per_feature,country_composite_long_short,unscaled,2024-10-31,0.001094,3.182781,-0.050027,1.8185,26.5439
per_feature,country_composite_long_short,unscaled,2024-11-30,0.071189,3.409359,0.0,2.0003,30.808
per_feature,country_composite_long_short,unscaled,2024-12-31,0.035149,3.529196,0.0,2.0023,21.4785
per_feature,country_composite_long_short,unscaled,2025-01-31,-0.008598,3.498853,-0.008598,1.8422,20.2195
per_feature,country_composite_long_short,unscaled,2025-02-28,0.038343,3.633011,0.0,1.7705,18.4057
per_feature,country_composite_long_short,unscaled,2025-03-31,0.018252,3.699323,0.0,1.7612,18.3021
per_feature,country_composite_long_short,unscaled,2025-04-30,-0.005315,3.679661,-0.005315,1.3222,13.2602
per_feature,country_composite_long_short,unscaled,2025-05-31,-0.009052,3.646354,-0.014318,1.2511,12.6803
per_feature,country_composite_long_short,unscaled,2025-06-30,0.064099,3.880083,0.0,1.5382,17.6442
per_feature,country_composite_long_short,unscaled,2025-07-31,-0.047273,3.696661,-0.047273,0.8199,10.6366
per_feature,country_composite_long_short,unscaled,2025-08-31,0.014829,3.751478,-0.033145,1.0375,13.2678
per_feature,country_composite_long_short,unscaled,2025-09-30,0.020855,3.829714,-0.012982,1.6802,19.3574
per_feature,country_composite_long_short,unscaled,2025-10-31,-0.008675,3.79649,-0.021544,1.5709,18.3805
per_feature,country_composite_long_short,unscaled,2025-11-30,0.016292,3.858342,-0.005603,1.2883,12.8908
per_feature,country_composite_long_short,unscaled,2025-12-31,-0.064869,3.608055,-0.070109,0.2384,2.8889
per_feature,country_composite_long_short,scaled,2021-01-31,0.039992,1.039992,0.0,,
per_feature,country_composite_long_short,scaled,2021-02-28,0.079923,1.123112,0.0,,
per_feature,country_composite_long_short,scaled,2021-03-31,0.005195,1.128946,0.0,,
per_feature,country_composite_long_short,scaled,2021-04-30,-0.023164,1.102795,-0.023164,,
per_feature,country_composite_long_short,scaled,2021-05-31,0.024791,1.130135,0.0,,
per_feature,country_composite_long_short,scaled,2021-06-30,-0.032291,1.093642,-0.032291,,
per_feature,country_composite_long_short,scaled,2021-07-31,0.050209,1.148552,0.0,,
per_feature,country_composite_long_short,scaled,2021-08-31,0.074471,1.234086,0.0,,
per_feature,country_composite_long_short,scaled,2021-09-30,0.010516,1.247064,0.0,,
per_feature,country_composite_long_short,scaled,2021-10-31,0.006029,1.254582,0.0,,
per_feature,country_composite_long_short,scaled,2021-11-30,0.053196,1.32132,0.0,,
per_feature,country_composite_long_short,scaled,2021-12-31,0.055099,1.394124,0.0,2.7417,34.3966
per_feature,country_composite_long_short,scaled,2022-01-31,0.009905,1.407933,0.0,2.4891,31.3879
per_feature,country_composite_long_short,scaled,2022-02-28,0.043666,1.469411,0.0,2.4384,27.7621
per_feature,country_composite_long_short,scaled,2022-03-31,0.051085,1.544476,0.0,2.8081,32.3511
per_feature,country_composite_long_short,scaled,2022-04-30,-0.014044,1.522785,-0.014044,2.9922,33.2631
per_feature,country_composite_long_short,scaled,2022-05-31,-0.008496,1.509847,-0.022421,2.5595,29.9344
per_feature,country_composite_long_short,scaled,2022-06-30,0.004478,1.516609,-0.018043,3.2897,33.6113
per_feature,country_composite_long_short,scaled,2022-07-31,0.029208,1.560907,0.0,3.173,31.5113
per_feature,country_composite_long_short,scaled,2022-08-31,0.067634,1.666477,0.0,3.2157,30.8276
per_feature,country_composite_long_short,scaled,2022-09-30,0.008688,1.680956,0.0,3.1856,30.6448
per_feature,country_composite_long_short,scaled,2022-10-31,0.035629,1.740846,0.0,3.568,33.6048
per_feature,country_composite_long_short,scaled,2022-11-30,0.056231,1.838736,0.0,3.565,33.9083
per_feature,country_composite_long_short,scaled,2022-12-31,-0.00511,1.829341,-0.00511,2.9161,27.8875
per_feature,country_composite_long_short,scaled,2023-01-31,0.038011,1.898875,0.0,3.2149,30.698
per_feature,country_composite_long_short,scaled,2023-02-28,-0.012045,1.876004,-0.012045,2.5098,25.127
per_feature,country_composite_long_short,scaled,2023-03-31,0.033001,1.937914,0.0,2.4363,23.3186
per_feature,country_composite_long_short,scaled,2023-04-30,0.011632,1.960455,0.0,2.9042,25.8862
per_feature,country_composite_long_short,scaled,2023-05-31,0.023536,2.006597,0.0,3.5097,29.0894
per_feature,country_composite_long_short,scaled,2023-06-30,0.015153,2.037002,0.0,3.7338,30.1569
per_feature,country_composite_long_short,scaled,2023-07-31,-0.008685,2.019311,-0.008685,3.0202,26.3675
per_feature,country_composite_long_short,scaled,2023-08-31,0.037174,2.094377,0.0,3.1403,23.3215
per_feature,country_composite_long_short,scaled,2023-09-30,0.027855,2.152717,0.0,3.424,25.2382
per_feature,country_composite_long_short,scaled,2023-10-31,-0.007752,2.136029,-0.007752,2.7133,20.9002
per_feature,country_composite_long_short,scaled,2023-11-30,0.024524,2.188413,0.0,2.7184,17.7295
per_feature,country_composite_long_short,scaled,2023-12-31,0.11034,2.429883,0.0,2.6107,29.2744
per_feature,country_composite_long_short,scaled,2024-01-31,0.003109,2.437438,0.0,2.283,25.7843
per_feature,country_composite_long_short,scaled,2024-02-29,0.043984,2.544646,0.0,2.89,31.3872
per_feature,country_composite_long_short,scaled,2024-03-31,0.015021,2.582869,0.0,2.7182,29.5891
per_feature,country_composite_long_short,scaled,2024-04-30,0.035125,2.673592,0.0,2.9484,31.9384
per_feature,country_composite_long_short,scaled,2024-05-31,-0.002533,2.666819,-0.002533,2.6142,29.3315
per_feature,country_composite_long_short,scaled,2024-06-30,0.011261,2.696851,0.0,2.5699,28.9424
per_feature,country_composite_long_short,scaled,2024-07-31,0.019798,2.750242,0.0,2.9702,31.7907
per_feature,country_composite_long_short,scaled,2024-08-31,-0.00997,2.722822,-0.00997,2.4141,27.0762
per_feature,country_composite_long_short,scaled,2024-09-30,-0.034764,2.628166,-0.044388,1.6571,20.8143
per_feature,country_composite_long_short,scaled,2024-10-31,0.00095,2.630663,-0.04348,1.7487,21.6845
per_feature,country_composite_long_short,scaled,2024-11-30,0.061806,2.793254,0.0,1.9325,25.4127
per_feature,country_composite_long_short,scaled,2024-12-31,0.030517,2.878496,0.0,1.9325,17.4304
per_feature,country_composite_long_short,scaled,2025-01-31,-0.007381,2.857248,-0.007381,1.7761,16.3813
per_feature,country_composite_long_short,scaled,2025-02-28,0.03292,2.951309,0.0,1.7189,15.2749
per_feature,country_composite_long_short,scaled,2025-03-31,0.015671,2.997558,0.0,1.7258,15.3399
per_feature,country_composite_long_short,scaled,2025-04-30,-0.004563,2.983879,-0.004563,1.3095,11.3711
per_feature,country_composite_long_short,scaled,2025-05-31,-0.007771,2.960691,-0.012299,1.2357,10.8473
per_feature,country_composite_long_short,scaled,2025-06-30,0.055033,3.123626,0.0,1.5353,15.2244
per_feature,country_composite_long_short,scaled,2025-07-31,-0.04147,2.994089,-0.04147,0.8093,9.0977
per_feature,country_composite_long_short,scaled,2025-08-31,0.013009,3.033038,-0.029001,1.0281,11.3955
per_feature,country_composite_long_short,scaled,2025-09-30,0.018295,3.088527,-0.011237,1.6721,16.7014
per_feature,country_composite_long_short,scaled,2025-10-31,-0.007611,3.065022,-0.018762,1.5619,15.8453
per_feature,country_composite_long_short,scaled,2025-11-30,0.014292,3.108827,-0.004738,1.2801,11.0939
per_feature,country_composite_long_short,scaled,2025-12-31,-0.056906,2.931916,-0.061374,0.2232,2.3516
